intent,utterance,expected_action,priority
date_context,12日,date_only_update,90
date_context,12日で,date_only_update,90
date_context,12日って,date_only_update,90
date_context,12日の,date_only_update,90
date_context,12日なんですけど,date_only_update,90
date_context,12日あたり,date_only_update,90
date_context,12日いけますか,date_only_update,90
date_context,12日どうですか,date_only_update,90
date_context,12日空いてますか,date_only_update,90
date_context,12日お願いしたい,date_only_update,90
date_context,12日にしたい,date_only_update,90
date_context,12日で見て,date_only_update,90
date_context,12日で確認して,date_only_update,90
date_context,12日やったら,date_only_update,90
date_context,12日なら,date_only_update,90
date_context,12日とか,date_only_update,90
date_context,12日くらい,date_only_update,90
date_context,12日で頼みたい,date_only_update,90
date_context,12日で取れる？,date_only_update,90
date_context,12日で入れる？,date_only_update,90
date_context,13日,date_only_update,90
date_context,13日で,date_only_update,90
date_context,13日って,date_only_update,90
date_context,13日の,date_only_update,90
date_context,13日なんですけど,date_only_update,90
date_context,13日あたり,date_only_update,90
date_context,13日いけますか,date_only_update,90
date_context,13日どうですか,date_only_update,90
date_context,13日空いてますか,date_only_update,90
date_context,13日お願いしたい,date_only_update,90
date_context,13日にしたい,date_only_update,90
date_context,13日で見て,date_only_update,90
date_context,13日で確認して,date_only_update,90
date_context,13日やったら,date_only_update,90
date_context,13日なら,date_only_update,90
date_context,13日とか,date_only_update,90
date_context,13日くらい,date_only_update,90
date_context,13日で頼みたい,date_only_update,90
date_context,13日で取れる？,date_only_update,90
date_context,13日で入れる？,date_only_update,90
date_context,14日,date_only_update,90
date_context,14日で,date_only_update,90
date_context,14日って,date_only_update,90
date_context,14日の,date_only_update,90
date_context,14日なんですけど,date_only_update,90
date_context,14日あたり,date_only_update,90
date_context,14日いけますか,date_only_update,90
date_context,14日どうですか,date_only_update,90
date_context,14日空いてますか,date_only_update,90
date_context,14日お願いしたい,date_only_update,90
date_context,14日にしたい,date_only_update,90
date_context,14日で見て,date_only_update,90
date_context,14日で確認して,date_only_update,90
date_context,14日やったら,date_only_update,90
date_context,14日なら,date_only_update,90
date_context,14日とか,date_only_update,90
date_context,14日くらい,date_only_update,90
date_context,14日で頼みたい,date_only_update,90
date_context,14日で取れる？,date_only_update,90
date_context,14日で入れる？,date_only_update,90
date_context,15日,date_only_update,90
date_context,15日で,date_only_update,90
date_context,15日って,date_only_update,90
date_context,15日の,date_only_update,90
date_context,15日なんですけど,date_only_update,90
date_context,15日あたり,date_only_update,90
date_context,15日いけますか,date_only_update,90
date_context,15日どうですか,date_only_update,90
date_context,15日空いてますか,date_only_update,90
date_context,15日お願いしたい,date_only_update,90
date_context,15日にしたい,date_only_update,90
date_context,15日で見て,date_only_update,90
date_context,15日で確認して,date_only_update,90
date_context,15日やったら,date_only_update,90
date_context,15日なら,date_only_update,90
date_context,15日とか,date_only_update,90
date_context,15日くらい,date_only_update,90
date_context,15日で頼みたい,date_only_update,90
date_context,15日で取れる？,date_only_update,90
date_context,15日で入れる？,date_only_update,90
date_context,16日,date_only_update,90
date_context,16日で,date_only_update,90
date_context,16日って,date_only_update,90
date_context,16日の,date_only_update,90
date_context,16日なんですけど,date_only_update,90
date_context,16日あたり,date_only_update,90
date_context,16日いけますか,date_only_update,90
date_context,16日どうですか,date_only_update,90
date_context,16日空いてますか,date_only_update,90
date_context,16日お願いしたい,date_only_update,90
date_context,16日にしたい,date_only_update,90
date_context,16日で見て,date_only_update,90
date_context,16日で確認して,date_only_update,90
date_context,16日やったら,date_only_update,90
date_context,16日なら,date_only_update,90
date_context,16日とか,date_only_update,90
date_context,16日くらい,date_only_update,90
date_context,16日で頼みたい,date_only_update,90
date_context,16日で取れる？,date_only_update,90
date_context,16日で入れる？,date_only_update,90
date_context,17日,date_only_update,90
date_context,17日で,date_only_update,90
date_context,17日って,date_only_update,90
date_context,17日の,date_only_update,90
date_context,17日なんですけど,date_only_update,90
date_context,17日あたり,date_only_update,90
date_context,17日いけますか,date_only_update,90
date_context,17日どうですか,date_only_update,90
date_context,17日空いてますか,date_only_update,90
date_context,17日お願いしたい,date_only_update,90
date_context,17日にしたい,date_only_update,90
date_context,17日で見て,date_only_update,90
date_context,17日で確認して,date_only_update,90
date_context,17日やったら,date_only_update,90
date_context,17日なら,date_only_update,90
date_context,17日とか,date_only_update,90
date_context,17日くらい,date_only_update,90
date_context,17日で頼みたい,date_only_update,90
date_context,17日で取れる？,date_only_update,90
date_context,17日で入れる？,date_only_update,90
date_context,18日,date_only_update,90
date_context,18日で,date_only_update,90
date_context,18日って,date_only_update,90
date_context,18日の,date_only_update,90
date_context,18日なんですけど,date_only_update,90
date_context,18日あたり,date_only_update,90
date_context,18日いけますか,date_only_update,90
date_context,18日どうですか,date_only_update,90
date_context,18日空いてますか,date_only_update,90
date_context,18日お願いしたい,date_only_update,90
date_context,18日にしたい,date_only_update,90
date_context,18日で見て,date_only_update,90
date_context,18日で確認して,date_only_update,90
date_context,18日やったら,date_only_update,90
date_context,18日なら,date_only_update,90
date_context,18日とか,date_only_update,90
date_context,18日くらい,date_only_update,90
date_context,18日で頼みたい,date_only_update,90
date_context,18日で取れる？,date_only_update,90
date_context,18日で入れる？,date_only_update,90
date_context,19日,date_only_update,90
date_context,19日で,date_only_update,90
date_context,19日って,date_only_update,90
date_context,19日の,date_only_update,90
date_context,19日なんですけど,date_only_update,90
date_context,19日あたり,date_only_update,90
date_context,19日いけますか,date_only_update,90
date_context,19日どうですか,date_only_update,90
date_context,19日空いてますか,date_only_update,90
date_context,19日お願いしたい,date_only_update,90
date_context,19日にしたい,date_only_update,90
date_context,19日で見て,date_only_update,90
date_context,19日で確認して,date_only_update,90
date_context,19日やったら,date_only_update,90
date_context,19日なら,date_only_update,90
date_context,19日とか,date_only_update,90
date_context,19日くらい,date_only_update,90
date_context,19日で頼みたい,date_only_update,90
date_context,19日で取れる？,date_only_update,90
date_context,19日で入れる？,date_only_update,90
date_context,20日,date_only_update,90
date_context,20日で,date_only_update,90
date_context,20日って,date_only_update,90
date_context,20日の,date_only_update,90
date_context,20日なんですけど,date_only_update,90
date_context,20日あたり,date_only_update,90
date_context,20日いけますか,date_only_update,90
date_context,20日どうですか,date_only_update,90
date_context,20日空いてますか,date_only_update,90
date_context,20日お願いしたい,date_only_update,90
date_context,20日にしたい,date_only_update,90
date_context,20日で見て,date_only_update,90
date_context,20日で確認して,date_only_update,90
date_context,20日やったら,date_only_update,90
date_context,20日なら,date_only_update,90
date_context,20日とか,date_only_update,90
date_context,20日くらい,date_only_update,90
date_context,20日で頼みたい,date_only_update,90
date_context,20日で取れる？,date_only_update,90
date_context,20日で入れる？,date_only_update,90
date_context,21日,date_only_update,90
date_context,21日で,date_only_update,90
date_context,21日って,date_only_update,90
date_context,21日の,date_only_update,90
date_context,21日なんですけど,date_only_update,90
date_context,21日あたり,date_only_update,90
date_context,21日いけますか,date_only_update,90
date_context,21日どうですか,date_only_update,90
date_context,21日空いてますか,date_only_update,90
date_context,21日お願いしたい,date_only_update,90
date_context,21日にしたい,date_only_update,90
date_context,21日で見て,date_only_update,90
date_context,21日で確認して,date_only_update,90
date_context,21日やったら,date_only_update,90
date_context,21日なら,date_only_update,90
date_context,21日とか,date_only_update,90
date_context,21日くらい,date_only_update,90
date_context,21日で頼みたい,date_only_update,90
date_context,21日で取れる？,date_only_update,90
date_context,21日で入れる？,date_only_update,90
date_context,22日,date_only_update,90
date_context,22日で,date_only_update,90
date_context,22日って,date_only_update,90
date_context,22日の,date_only_update,90
date_context,22日なんですけど,date_only_update,90
date_context,22日あたり,date_only_update,90
date_context,22日いけますか,date_only_update,90
date_context,22日どうですか,date_only_update,90
date_context,22日空いてますか,date_only_update,90
date_context,22日お願いしたい,date_only_update,90
date_context,22日にしたい,date_only_update,90
date_context,22日で見て,date_only_update,90
date_context,22日で確認して,date_only_update,90
date_context,22日やったら,date_only_update,90
date_context,22日なら,date_only_update,90
date_context,22日とか,date_only_update,90
date_context,22日くらい,date_only_update,90
date_context,22日で頼みたい,date_only_update,90
date_context,22日で取れる？,date_only_update,90
date_context,22日で入れる？,date_only_update,90
date_context,23日,date_only_update,90
date_context,23日で,date_only_update,90
date_context,23日って,date_only_update,90
date_context,23日の,date_only_update,90
date_context,23日なんですけど,date_only_update,90
date_context,23日あたり,date_only_update,90
date_context,23日いけますか,date_only_update,90
date_context,23日どうですか,date_only_update,90
date_context,23日空いてますか,date_only_update,90
date_context,23日お願いしたい,date_only_update,90
date_context,23日にしたい,date_only_update,90
date_context,23日で見て,date_only_update,90
date_context,23日で確認して,date_only_update,90
date_context,23日やったら,date_only_update,90
date_context,23日なら,date_only_update,90
date_context,23日とか,date_only_update,90
date_context,23日くらい,date_only_update,90
date_context,23日で頼みたい,date_only_update,90
date_context,23日で取れる？,date_only_update,90
date_context,23日で入れる？,date_only_update,90
date_context,24日,date_only_update,90
date_context,24日で,date_only_update,90
date_context,24日って,date_only_update,90
date_context,24日の,date_only_update,90
date_context,24日なんですけど,date_only_update,90
date_context,24日あたり,date_only_update,90
date_context,24日いけますか,date_only_update,90
date_context,24日どうですか,date_only_update,90
date_context,24日空いてますか,date_only_update,90
date_context,24日お願いしたい,date_only_update,90
date_context,24日にしたい,date_only_update,90
date_context,24日で見て,date_only_update,90
date_context,24日で確認して,date_only_update,90
date_context,24日やったら,date_only_update,90
date_context,24日なら,date_only_update,90
date_context,24日とか,date_only_update,90
date_context,24日くらい,date_only_update,90
date_context,24日で頼みたい,date_only_update,90
date_context,24日で取れる？,date_only_update,90
date_context,24日で入れる？,date_only_update,90
date_context,25日,date_only_update,90
date_context,25日で,date_only_update,90
date_context,25日って,date_only_update,90
date_context,25日の,date_only_update,90
date_context,25日なんですけど,date_only_update,90
date_context,25日あたり,date_only_update,90
date_context,25日いけますか,date_only_update,90
date_context,25日どうですか,date_only_update,90
date_context,25日空いてますか,date_only_update,90
date_context,25日お願いしたい,date_only_update,90
date_context,25日にしたい,date_only_update,90
date_context,25日で見て,date_only_update,90
date_context,25日で確認して,date_only_update,90
date_context,25日やったら,date_only_update,90
date_context,25日なら,date_only_update,90
date_context,25日とか,date_only_update,90
date_context,25日くらい,date_only_update,90
date_context,25日で頼みたい,date_only_update,90
date_context,25日で取れる？,date_only_update,90
date_context,25日で入れる？,date_only_update,90
date_context,26日,date_only_update,90
date_context,26日で,date_only_update,90
date_context,26日って,date_only_update,90
date_context,26日の,date_only_update,90
date_context,26日なんですけど,date_only_update,90
date_context,26日あたり,date_only_update,90
date_context,26日いけますか,date_only_update,90
date_context,26日どうですか,date_only_update,90
date_context,26日空いてますか,date_only_update,90
date_context,26日お願いしたい,date_only_update,90
date_context,26日にしたい,date_only_update,90
date_context,26日で見て,date_only_update,90
date_context,26日で確認して,date_only_update,90
date_context,26日やったら,date_only_update,90
date_context,26日なら,date_only_update,90
date_context,26日とか,date_only_update,90
date_context,26日くらい,date_only_update,90
date_context,26日で頼みたい,date_only_update,90
date_context,26日で取れる？,date_only_update,90
date_context,26日で入れる？,date_only_update,90
time_context,12時,time_only_update,90
time_context,12時で,time_only_update,90
time_context,12時から,time_only_update,90
time_context,12時くらい,time_only_update,90
time_context,12時あたり,time_only_update,90
time_context,12時でお願いします,time_only_update,90
time_context,12時いけますか,time_only_update,90
time_context,12時空いてますか,time_only_update,90
time_context,12時にしたい,time_only_update,90
time_context,12時で見て,time_only_update,90
time_context,12時で頼みたい,time_only_update,90
time_context,12時とか,time_only_update,90
time_context,12時で取れる？,time_only_update,90
time_context,12時で入れる？,time_only_update,90
time_context,12時ぐらいで,time_only_update,90
time_context,12時だったら,time_only_update,90
time_context,12時やったら,time_only_update,90
time_context,12時で大丈夫,time_only_update,90
time_context,12時でお願い,time_only_update,90
time_context,12時で確認して,time_only_update,90
time_context,13時,time_only_update,90
time_context,13時で,time_only_update,90
time_context,13時から,time_only_update,90
time_context,13時くらい,time_only_update,90
time_context,13時あたり,time_only_update,90
time_context,13時でお願いします,time_only_update,90
time_context,13時いけますか,time_only_update,90
time_context,13時空いてますか,time_only_update,90
time_context,13時にしたい,time_only_update,90
time_context,13時で見て,time_only_update,90
time_context,13時で頼みたい,time_only_update,90
time_context,13時とか,time_only_update,90
time_context,13時で取れる？,time_only_update,90
time_context,13時で入れる？,time_only_update,90
time_context,13時ぐらいで,time_only_update,90
time_context,13時だったら,time_only_update,90
time_context,13時やったら,time_only_update,90
time_context,13時で大丈夫,time_only_update,90
time_context,13時でお願い,time_only_update,90
time_context,13時で確認して,time_only_update,90
time_context,14時,time_only_update,90
time_context,14時で,time_only_update,90
time_context,14時から,time_only_update,90
time_context,14時くらい,time_only_update,90
time_context,14時あたり,time_only_update,90
time_context,14時でお願いします,time_only_update,90
time_context,14時いけますか,time_only_update,90
time_context,14時空いてますか,time_only_update,90
time_context,14時にしたい,time_only_update,90
time_context,14時で見て,time_only_update,90
time_context,14時で頼みたい,time_only_update,90
time_context,14時とか,time_only_update,90
time_context,14時で取れる？,time_only_update,90
time_context,14時で入れる？,time_only_update,90
time_context,14時ぐらいで,time_only_update,90
time_context,14時だったら,time_only_update,90
time_context,14時やったら,time_only_update,90
time_context,14時で大丈夫,time_only_update,90
time_context,14時でお願い,time_only_update,90
time_context,14時で確認して,time_only_update,90
time_context,15時,time_only_update,90
time_context,15時で,time_only_update,90
time_context,15時から,time_only_update,90
time_context,15時くらい,time_only_update,90
time_context,15時あたり,time_only_update,90
time_context,15時でお願いします,time_only_update,90
time_context,15時いけますか,time_only_update,90
time_context,15時空いてますか,time_only_update,90
time_context,15時にしたい,time_only_update,90
time_context,15時で見て,time_only_update,90
time_context,15時で頼みたい,time_only_update,90
time_context,15時とか,time_only_update,90
time_context,15時で取れる？,time_only_update,90
time_context,15時で入れる？,time_only_update,90
time_context,15時ぐらいで,time_only_update,90
time_context,15時だったら,time_only_update,90
time_context,15時やったら,time_only_update,90
time_context,15時で大丈夫,time_only_update,90
time_context,15時でお願い,time_only_update,90
time_context,15時で確認して,time_only_update,90
time_context,16時,time_only_update,90
time_context,16時で,time_only_update,90
time_context,16時から,time_only_update,90
time_context,16時くらい,time_only_update,90
time_context,16時あたり,time_only_update,90
time_context,16時でお願いします,time_only_update,90
time_context,16時いけますか,time_only_update,90
time_context,16時空いてますか,time_only_update,90
time_context,16時にしたい,time_only_update,90
time_context,16時で見て,time_only_update,90
time_context,16時で頼みたい,time_only_update,90
time_context,16時とか,time_only_update,90
time_context,16時で取れる？,time_only_update,90
time_context,16時で入れる？,time_only_update,90
time_context,16時ぐらいで,time_only_update,90
time_context,16時だったら,time_only_update,90
time_context,16時やったら,time_only_update,90
time_context,16時で大丈夫,time_only_update,90
time_context,16時でお願い,time_only_update,90
time_context,16時で確認して,time_only_update,90
time_context,17時,time_only_update,90
time_context,17時で,time_only_update,90
time_context,17時から,time_only_update,90
time_context,17時くらい,time_only_update,90
time_context,17時あたり,time_only_update,90
time_context,17時でお願いします,time_only_update,90
time_context,17時いけますか,time_only_update,90
time_context,17時空いてますか,time_only_update,90
time_context,17時にしたい,time_only_update,90
time_context,17時で見て,time_only_update,90
time_context,17時で頼みたい,time_only_update,90
time_context,17時とか,time_only_update,90
time_context,17時で取れる？,time_only_update,90
time_context,17時で入れる？,time_only_update,90
time_context,17時ぐらいで,time_only_update,90
time_context,17時だったら,time_only_update,90
time_context,17時やったら,time_only_update,90
time_context,17時で大丈夫,time_only_update,90
time_context,17時でお願い,time_only_update,90
time_context,17時で確認して,time_only_update,90
time_context,18時,time_only_update,90
time_context,18時で,time_only_update,90
time_context,18時から,time_only_update,90
time_context,18時くらい,time_only_update,90
time_context,18時あたり,time_only_update,90
time_context,18時でお願いします,time_only_update,90
time_context,18時いけますか,time_only_update,90
time_context,18時空いてますか,time_only_update,90
time_context,18時にしたい,time_only_update,90
time_context,18時で見て,time_only_update,90
time_context,18時で頼みたい,time_only_update,90
time_context,18時とか,time_only_update,90
time_context,18時で取れる？,time_only_update,90
time_context,18時で入れる？,time_only_update,90
time_context,18時ぐらいで,time_only_update,90
time_context,18時だったら,time_only_update,90
time_context,18時やったら,time_only_update,90
time_context,18時で大丈夫,time_only_update,90
time_context,18時でお願い,time_only_update,90
time_context,18時で確認して,time_only_update,90
time_context,19時,time_only_update,90
time_context,19時で,time_only_update,90
time_context,19時から,time_only_update,90
time_context,19時くらい,time_only_update,90
time_context,19時あたり,time_only_update,90
time_context,19時でお願いします,time_only_update,90
time_context,19時いけますか,time_only_update,90
time_context,19時空いてますか,time_only_update,90
time_context,19時にしたい,time_only_update,90
time_context,19時で見て,time_only_update,90
time_context,19時で頼みたい,time_only_update,90
time_context,19時とか,time_only_update,90
time_context,19時で取れる？,time_only_update,90
time_context,19時で入れる？,time_only_update,90
time_context,19時ぐらいで,time_only_update,90
time_context,19時だったら,time_only_update,90
time_context,19時やったら,time_only_update,90
time_context,19時で大丈夫,time_only_update,90
time_context,19時でお願い,time_only_update,90
time_context,19時で確認して,time_only_update,90
time_context,20時,time_only_update,90
time_context,20時で,time_only_update,90
time_context,20時から,time_only_update,90
time_context,20時くらい,time_only_update,90
time_context,20時あたり,time_only_update,90
time_context,20時でお願いします,time_only_update,90
time_context,20時いけますか,time_only_update,90
time_context,20時空いてますか,time_only_update,90
time_context,20時にしたい,time_only_update,90
time_context,20時で見て,time_only_update,90
time_context,20時で頼みたい,time_only_update,90
time_context,20時とか,time_only_update,90
time_context,20時で取れる？,time_only_update,90
time_context,20時で入れる？,time_only_update,90
time_context,20時ぐらいで,time_only_update,90
time_context,20時だったら,time_only_update,90
time_context,20時やったら,time_only_update,90
time_context,20時で大丈夫,time_only_update,90
time_context,20時でお願い,time_only_update,90
time_context,20時で確認して,time_only_update,90
time_context,21時,time_only_update,90
time_context,21時で,time_only_update,90
time_context,21時から,time_only_update,90
time_context,21時くらい,time_only_update,90
time_context,21時あたり,time_only_update,90
time_context,21時でお願いします,time_only_update,90
time_context,21時いけますか,time_only_update,90
time_context,21時空いてますか,time_only_update,90
time_context,21時にしたい,time_only_update,90
time_context,21時で見て,time_only_update,90
time_context,21時で頼みたい,time_only_update,90
time_context,21時とか,time_only_update,90
time_context,21時で取れる？,time_only_update,90
time_context,21時で入れる？,time_only_update,90
time_context,21時ぐらいで,time_only_update,90
time_context,21時だったら,time_only_update,90
time_context,21時やったら,time_only_update,90
time_context,21時で大丈夫,time_only_update,90
time_context,21時でお願い,time_only_update,90
time_context,21時で確認して,time_only_update,90
time_context,22時,time_only_update,90
time_context,22時で,time_only_update,90
time_context,22時から,time_only_update,90
time_context,22時くらい,time_only_update,90
time_context,22時あたり,time_only_update,90
time_context,22時でお願いします,time_only_update,90
time_context,22時いけますか,time_only_update,90
time_context,22時空いてますか,time_only_update,90
time_context,22時にしたい,time_only_update,90
time_context,22時で見て,time_only_update,90
time_context,22時で頼みたい,time_only_update,90
time_context,22時とか,time_only_update,90
time_context,22時で取れる？,time_only_update,90
time_context,22時で入れる？,time_only_update,90
time_context,22時ぐらいで,time_only_update,90
time_context,22時だったら,time_only_update,90
time_context,22時やったら,time_only_update,90
time_context,22時で大丈夫,time_only_update,90
time_context,22時でお願い,time_only_update,90
time_context,22時で確認して,time_only_update,90
time_context,23時,time_only_update,90
time_context,23時で,time_only_update,90
time_context,23時から,time_only_update,90
time_context,23時くらい,time_only_update,90
time_context,23時あたり,time_only_update,90
time_context,23時でお願いします,time_only_update,90
time_context,23時いけますか,time_only_update,90
time_context,23時空いてますか,time_only_update,90
time_context,23時にしたい,time_only_update,90
time_context,23時で見て,time_only_update,90
time_context,23時で頼みたい,time_only_update,90
time_context,23時とか,time_only_update,90
time_context,23時で取れる？,time_only_update,90
time_context,23時で入れる？,time_only_update,90
time_context,23時ぐらいで,time_only_update,90
time_context,23時だったら,time_only_update,90
time_context,23時やったら,time_only_update,90
time_context,23時で大丈夫,time_only_update,90
time_context,23時でお願い,time_only_update,90
time_context,23時で確認して,time_only_update,90
time_context,24時,time_only_update,90
time_context,24時で,time_only_update,90
time_context,24時から,time_only_update,90
time_context,24時くらい,time_only_update,90
time_context,24時あたり,time_only_update,90
time_context,24時でお願いします,time_only_update,90
time_context,24時いけますか,time_only_update,90
time_context,24時空いてますか,time_only_update,90
time_context,24時にしたい,time_only_update,90
time_context,24時で見て,time_only_update,90
time_context,24時で頼みたい,time_only_update,90
time_context,24時とか,time_only_update,90
time_context,24時で取れる？,time_only_update,90
time_context,24時で入れる？,time_only_update,90
time_context,24時ぐらいで,time_only_update,90
time_context,24時だったら,time_only_update,90
time_context,24時やったら,time_only_update,90
time_context,24時で大丈夫,time_only_update,90
time_context,24時でお願い,time_only_update,90
time_context,24時で確認して,time_only_update,90
time_context,25時,time_only_update,90
time_context,25時で,time_only_update,90
time_context,25時から,time_only_update,90
time_context,25時くらい,time_only_update,90
time_context,25時あたり,time_only_update,90
time_context,25時でお願いします,time_only_update,90
time_context,25時いけますか,time_only_update,90
time_context,25時空いてますか,time_only_update,90
time_context,25時にしたい,time_only_update,90
time_context,25時で見て,time_only_update,90
time_context,25時で頼みたい,time_only_update,90
time_context,25時とか,time_only_update,90
time_context,25時で取れる？,time_only_update,90
time_context,25時で入れる？,time_only_update,90
time_context,25時ぐらいで,time_only_update,90
time_context,25時だったら,time_only_update,90
time_context,25時やったら,time_only_update,90
time_context,25時で大丈夫,time_only_update,90
time_context,25時でお願い,time_only_update,90
time_context,25時で確認して,time_only_update,90
time_context,深夜1時,time_only_update,90
time_context,深夜1時で,time_only_update,90
time_context,深夜1時から,time_only_update,90
time_context,深夜1時くらい,time_only_update,90
time_context,深夜1時あたり,time_only_update,90
time_context,深夜1時でお願いします,time_only_update,90
time_context,深夜1時いけますか,time_only_update,90
time_context,深夜1時空いてますか,time_only_update,90
time_context,深夜1時にしたい,time_only_update,90
time_context,深夜1時で見て,time_only_update,90
time_context,深夜1時で頼みたい,time_only_update,90
time_context,深夜1時とか,time_only_update,90
time_context,深夜1時で取れる？,time_only_update,90
time_context,深夜1時で入れる？,time_only_update,90
time_context,深夜1時ぐらいで,time_only_update,90
time_context,深夜1時だったら,time_only_update,90
time_context,深夜1時やったら,time_only_update,90
time_context,深夜1時で大丈夫,time_only_update,90
time_context,深夜1時でお願い,time_only_update,90
time_context,深夜1時で確認して,time_only_update,90
datetime_context,12日の18時,datetime_update,100
datetime_context,12日の18時で,datetime_update,100
datetime_context,12日の18時から,datetime_update,100
datetime_context,12日の18時でお願いします,datetime_update,100
datetime_context,12日の18時空いてますか,datetime_update,100
datetime_context,12日の18時いけますか,datetime_update,100
datetime_context,12日の18時取れますか,datetime_update,100
datetime_context,12日の18時で予約したい,datetime_update,100
datetime_context,12日の18時とかどうですか,datetime_update,100
datetime_context,12日の18時で見てもらえる？,datetime_update,100
datetime_context,12日の18時で入れる？,datetime_update,100
datetime_context,12日の18時で頼みたい,datetime_update,100
datetime_context,12日の18時あたりで,datetime_update,100
datetime_context,12日の19時,datetime_update,100
datetime_context,12日の19時で,datetime_update,100
datetime_context,12日の19時から,datetime_update,100
datetime_context,12日の19時でお願いします,datetime_update,100
datetime_context,12日の19時空いてますか,datetime_update,100
datetime_context,12日の19時いけますか,datetime_update,100
datetime_context,12日の19時取れますか,datetime_update,100
datetime_context,12日の19時で予約したい,datetime_update,100
datetime_context,12日の19時とかどうですか,datetime_update,100
datetime_context,12日の19時で見てもらえる？,datetime_update,100
datetime_context,12日の19時で入れる？,datetime_update,100
datetime_context,12日の19時で頼みたい,datetime_update,100
datetime_context,12日の19時あたりで,datetime_update,100
datetime_context,12日の20時,datetime_update,100
datetime_context,12日の20時で,datetime_update,100
datetime_context,12日の20時から,datetime_update,100
datetime_context,12日の20時でお願いします,datetime_update,100
datetime_context,12日の20時空いてますか,datetime_update,100
datetime_context,12日の20時いけますか,datetime_update,100
datetime_context,12日の20時取れますか,datetime_update,100
datetime_context,12日の20時で予約したい,datetime_update,100
datetime_context,12日の20時とかどうですか,datetime_update,100
datetime_context,12日の20時で見てもらえる？,datetime_update,100
datetime_context,12日の20時で入れる？,datetime_update,100
datetime_context,12日の20時で頼みたい,datetime_update,100
datetime_context,12日の20時あたりで,datetime_update,100
datetime_context,12日の21時,datetime_update,100
datetime_context,12日の21時で,datetime_update,100
datetime_context,12日の21時から,datetime_update,100
datetime_context,12日の21時でお願いします,datetime_update,100
datetime_context,12日の21時空いてますか,datetime_update,100
datetime_context,12日の21時いけますか,datetime_update,100
datetime_context,12日の21時取れますか,datetime_update,100
datetime_context,12日の21時で予約したい,datetime_update,100
datetime_context,12日の21時とかどうですか,datetime_update,100
datetime_context,12日の21時で見てもらえる？,datetime_update,100
datetime_context,12日の21時で入れる？,datetime_update,100
datetime_context,12日の21時で頼みたい,datetime_update,100
datetime_context,12日の21時あたりで,datetime_update,100
datetime_context,12日の22時,datetime_update,100
datetime_context,12日の22時で,datetime_update,100
datetime_context,12日の22時から,datetime_update,100
datetime_context,12日の22時でお願いします,datetime_update,100
datetime_context,12日の22時空いてますか,datetime_update,100
datetime_context,12日の22時いけますか,datetime_update,100
datetime_context,12日の22時取れますか,datetime_update,100
datetime_context,12日の22時で予約したい,datetime_update,100
datetime_context,12日の22時とかどうですか,datetime_update,100
datetime_context,12日の22時で見てもらえる？,datetime_update,100
datetime_context,12日の22時で入れる？,datetime_update,100
datetime_context,12日の22時で頼みたい,datetime_update,100
datetime_context,12日の22時あたりで,datetime_update,100
datetime_context,12日の23時,datetime_update,100
datetime_context,12日の23時で,datetime_update,100
datetime_context,12日の23時から,datetime_update,100
datetime_context,12日の23時でお願いします,datetime_update,100
datetime_context,12日の23時空いてますか,datetime_update,100
datetime_context,12日の23時いけますか,datetime_update,100
datetime_context,12日の23時取れますか,datetime_update,100
datetime_context,12日の23時で予約したい,datetime_update,100
datetime_context,12日の23時とかどうですか,datetime_update,100
datetime_context,12日の23時で見てもらえる？,datetime_update,100
datetime_context,12日の23時で入れる？,datetime_update,100
datetime_context,12日の23時で頼みたい,datetime_update,100
datetime_context,12日の23時あたりで,datetime_update,100
datetime_context,12日の20時半,datetime_update,100
datetime_context,12日の20時半で,datetime_update,100
datetime_context,12日の20時半から,datetime_update,100
datetime_context,12日の20時半でお願いします,datetime_update,100
datetime_context,12日の20時半空いてますか,datetime_update,100
datetime_context,12日の20時半いけますか,datetime_update,100
datetime_context,12日の20時半取れますか,datetime_update,100
datetime_context,12日の20時半で予約したい,datetime_update,100
datetime_context,12日の20時半とかどうですか,datetime_update,100
datetime_context,12日の20時半で見てもらえる？,datetime_update,100
datetime_context,12日の20時半で入れる？,datetime_update,100
datetime_context,12日の20時半で頼みたい,datetime_update,100
datetime_context,12日の20時半あたりで,datetime_update,100
datetime_context,12日の21時半,datetime_update,100
datetime_context,12日の21時半で,datetime_update,100
datetime_context,12日の21時半から,datetime_update,100
datetime_context,12日の21時半でお願いします,datetime_update,100
datetime_context,12日の21時半空いてますか,datetime_update,100
datetime_context,12日の21時半いけますか,datetime_update,100
datetime_context,12日の21時半取れますか,datetime_update,100
datetime_context,12日の21時半で予約したい,datetime_update,100
datetime_context,12日の21時半とかどうですか,datetime_update,100
datetime_context,12日の21時半で見てもらえる？,datetime_update,100
datetime_context,12日の21時半で入れる？,datetime_update,100
datetime_context,12日の21時半で頼みたい,datetime_update,100
datetime_context,12日の21時半あたりで,datetime_update,100
datetime_context,12日の22時半,datetime_update,100
datetime_context,12日の22時半で,datetime_update,100
datetime_context,12日の22時半から,datetime_update,100
datetime_context,12日の22時半でお願いします,datetime_update,100
datetime_context,12日の22時半空いてますか,datetime_update,100
datetime_context,12日の22時半いけますか,datetime_update,100
datetime_context,12日の22時半取れますか,datetime_update,100
datetime_context,12日の22時半で予約したい,datetime_update,100
datetime_context,12日の22時半とかどうですか,datetime_update,100
datetime_context,12日の22時半で見てもらえる？,datetime_update,100
datetime_context,12日の22時半で入れる？,datetime_update,100
datetime_context,12日の22時半で頼みたい,datetime_update,100
datetime_context,12日の22時半あたりで,datetime_update,100
datetime_context,12日の夜8時,datetime_update,100
datetime_context,12日の夜8時で,datetime_update,100
datetime_context,12日の夜8時から,datetime_update,100
datetime_context,12日の夜8時でお願いします,datetime_update,100
datetime_context,12日の夜8時空いてますか,datetime_update,100
datetime_context,12日の夜8時いけますか,datetime_update,100
datetime_context,12日の夜8時取れますか,datetime_update,100
datetime_context,12日の夜8時で予約したい,datetime_update,100
datetime_context,12日の夜8時とかどうですか,datetime_update,100
datetime_context,12日の夜8時で見てもらえる？,datetime_update,100
datetime_context,12日の夜8時で入れる？,datetime_update,100
datetime_context,12日の夜8時で頼みたい,datetime_update,100
datetime_context,12日の夜8時あたりで,datetime_update,100
datetime_context,12日の夜9時,datetime_update,100
datetime_context,12日の夜9時で,datetime_update,100
datetime_context,12日の夜9時から,datetime_update,100
datetime_context,12日の夜9時でお願いします,datetime_update,100
datetime_context,12日の夜9時空いてますか,datetime_update,100
datetime_context,12日の夜9時いけますか,datetime_update,100
datetime_context,12日の夜9時取れますか,datetime_update,100
datetime_context,12日の夜9時で予約したい,datetime_update,100
datetime_context,12日の夜9時とかどうですか,datetime_update,100
datetime_context,12日の夜9時で見てもらえる？,datetime_update,100
datetime_context,12日の夜9時で入れる？,datetime_update,100
datetime_context,12日の夜9時で頼みたい,datetime_update,100
datetime_context,12日の夜9時あたりで,datetime_update,100
datetime_context,12日の午後8時,datetime_update,100
datetime_context,12日の午後8時で,datetime_update,100
datetime_context,12日の午後8時から,datetime_update,100
datetime_context,12日の午後8時でお願いします,datetime_update,100
datetime_context,12日の午後8時空いてますか,datetime_update,100
datetime_context,12日の午後8時いけますか,datetime_update,100
datetime_context,12日の午後8時取れますか,datetime_update,100
datetime_context,12日の午後8時で予約したい,datetime_update,100
datetime_context,12日の午後8時とかどうですか,datetime_update,100
datetime_context,12日の午後8時で見てもらえる？,datetime_update,100
datetime_context,12日の午後8時で入れる？,datetime_update,100
datetime_context,12日の午後8時で頼みたい,datetime_update,100
datetime_context,12日の午後8時あたりで,datetime_update,100
datetime_context,12日の夕方7時,datetime_update,100
datetime_context,12日の夕方7時で,datetime_update,100
datetime_context,12日の夕方7時から,datetime_update,100
datetime_context,12日の夕方7時でお願いします,datetime_update,100
datetime_context,12日の夕方7時空いてますか,datetime_update,100
datetime_context,12日の夕方7時いけますか,datetime_update,100
datetime_context,12日の夕方7時取れますか,datetime_update,100
datetime_context,12日の夕方7時で予約したい,datetime_update,100
datetime_context,12日の夕方7時とかどうですか,datetime_update,100
datetime_context,12日の夕方7時で見てもらえる？,datetime_update,100
datetime_context,12日の夕方7時で入れる？,datetime_update,100
datetime_context,12日の夕方7時で頼みたい,datetime_update,100
datetime_context,12日の夕方7時あたりで,datetime_update,100
datetime_context,13日の18時,datetime_update,100
datetime_context,13日の18時で,datetime_update,100
datetime_context,13日の18時から,datetime_update,100
datetime_context,13日の18時でお願いします,datetime_update,100
datetime_context,13日の18時空いてますか,datetime_update,100
datetime_context,13日の18時いけますか,datetime_update,100
datetime_context,13日の18時取れますか,datetime_update,100
datetime_context,13日の18時で予約したい,datetime_update,100
datetime_context,13日の18時とかどうですか,datetime_update,100
datetime_context,13日の18時で見てもらえる？,datetime_update,100
datetime_context,13日の18時で入れる？,datetime_update,100
datetime_context,13日の18時で頼みたい,datetime_update,100
datetime_context,13日の18時あたりで,datetime_update,100
datetime_context,13日の19時,datetime_update,100
datetime_context,13日の19時で,datetime_update,100
datetime_context,13日の19時から,datetime_update,100
datetime_context,13日の19時でお願いします,datetime_update,100
datetime_context,13日の19時空いてますか,datetime_update,100
datetime_context,13日の19時いけますか,datetime_update,100
datetime_context,13日の19時取れますか,datetime_update,100
datetime_context,13日の19時で予約したい,datetime_update,100
datetime_context,13日の19時とかどうですか,datetime_update,100
datetime_context,13日の19時で見てもらえる？,datetime_update,100
datetime_context,13日の19時で入れる？,datetime_update,100
datetime_context,13日の19時で頼みたい,datetime_update,100
datetime_context,13日の19時あたりで,datetime_update,100
datetime_context,13日の20時,datetime_update,100
datetime_context,13日の20時で,datetime_update,100
datetime_context,13日の20時から,datetime_update,100
datetime_context,13日の20時でお願いします,datetime_update,100
datetime_context,13日の20時空いてますか,datetime_update,100
datetime_context,13日の20時いけますか,datetime_update,100
datetime_context,13日の20時取れますか,datetime_update,100
datetime_context,13日の20時で予約したい,datetime_update,100
datetime_context,13日の20時とかどうですか,datetime_update,100
datetime_context,13日の20時で見てもらえる？,datetime_update,100
datetime_context,13日の20時で入れる？,datetime_update,100
datetime_context,13日の20時で頼みたい,datetime_update,100
datetime_context,13日の20時あたりで,datetime_update,100
datetime_context,13日の21時,datetime_update,100
datetime_context,13日の21時で,datetime_update,100
datetime_context,13日の21時から,datetime_update,100
datetime_context,13日の21時でお願いします,datetime_update,100
datetime_context,13日の21時空いてますか,datetime_update,100
datetime_context,13日の21時いけますか,datetime_update,100
datetime_context,13日の21時取れますか,datetime_update,100
datetime_context,13日の21時で予約したい,datetime_update,100
datetime_context,13日の21時とかどうですか,datetime_update,100
datetime_context,13日の21時で見てもらえる？,datetime_update,100
datetime_context,13日の21時で入れる？,datetime_update,100
datetime_context,13日の21時で頼みたい,datetime_update,100
datetime_context,13日の21時あたりで,datetime_update,100
datetime_context,13日の22時,datetime_update,100
datetime_context,13日の22時で,datetime_update,100
datetime_context,13日の22時から,datetime_update,100
datetime_context,13日の22時でお願いします,datetime_update,100
datetime_context,13日の22時空いてますか,datetime_update,100
datetime_context,13日の22時いけますか,datetime_update,100
datetime_context,13日の22時取れますか,datetime_update,100
datetime_context,13日の22時で予約したい,datetime_update,100
datetime_context,13日の22時とかどうですか,datetime_update,100
datetime_context,13日の22時で見てもらえる？,datetime_update,100
datetime_context,13日の22時で入れる？,datetime_update,100
datetime_context,13日の22時で頼みたい,datetime_update,100
datetime_context,13日の22時あたりで,datetime_update,100
datetime_context,13日の23時,datetime_update,100
datetime_context,13日の23時で,datetime_update,100
datetime_context,13日の23時から,datetime_update,100
datetime_context,13日の23時でお願いします,datetime_update,100
datetime_context,13日の23時空いてますか,datetime_update,100
datetime_context,13日の23時いけますか,datetime_update,100
datetime_context,13日の23時取れますか,datetime_update,100
datetime_context,13日の23時で予約したい,datetime_update,100
datetime_context,13日の23時とかどうですか,datetime_update,100
datetime_context,13日の23時で見てもらえる？,datetime_update,100
datetime_context,13日の23時で入れる？,datetime_update,100
datetime_context,13日の23時で頼みたい,datetime_update,100
datetime_context,13日の23時あたりで,datetime_update,100
datetime_context,13日の20時半,datetime_update,100
datetime_context,13日の20時半で,datetime_update,100
datetime_context,13日の20時半から,datetime_update,100
datetime_context,13日の20時半でお願いします,datetime_update,100
datetime_context,13日の20時半空いてますか,datetime_update,100
datetime_context,13日の20時半いけますか,datetime_update,100
datetime_context,13日の20時半取れますか,datetime_update,100
datetime_context,13日の20時半で予約したい,datetime_update,100
datetime_context,13日の20時半とかどうですか,datetime_update,100
datetime_context,13日の20時半で見てもらえる？,datetime_update,100
datetime_context,13日の20時半で入れる？,datetime_update,100
datetime_context,13日の20時半で頼みたい,datetime_update,100
datetime_context,13日の20時半あたりで,datetime_update,100
datetime_context,13日の21時半,datetime_update,100
datetime_context,13日の21時半で,datetime_update,100
datetime_context,13日の21時半から,datetime_update,100
datetime_context,13日の21時半でお願いします,datetime_update,100
datetime_context,13日の21時半空いてますか,datetime_update,100
datetime_context,13日の21時半いけますか,datetime_update,100
datetime_context,13日の21時半取れますか,datetime_update,100
datetime_context,13日の21時半で予約したい,datetime_update,100
datetime_context,13日の21時半とかどうですか,datetime_update,100
datetime_context,13日の21時半で見てもらえる？,datetime_update,100
datetime_context,13日の21時半で入れる？,datetime_update,100
datetime_context,13日の21時半で頼みたい,datetime_update,100
datetime_context,13日の21時半あたりで,datetime_update,100
datetime_context,13日の22時半,datetime_update,100
datetime_context,13日の22時半で,datetime_update,100
datetime_context,13日の22時半から,datetime_update,100
datetime_context,13日の22時半でお願いします,datetime_update,100
datetime_context,13日の22時半空いてますか,datetime_update,100
datetime_context,13日の22時半いけますか,datetime_update,100
datetime_context,13日の22時半取れますか,datetime_update,100
datetime_context,13日の22時半で予約したい,datetime_update,100
datetime_context,13日の22時半とかどうですか,datetime_update,100
datetime_context,13日の22時半で見てもらえる？,datetime_update,100
datetime_context,13日の22時半で入れる？,datetime_update,100
datetime_context,13日の22時半で頼みたい,datetime_update,100
datetime_context,13日の22時半あたりで,datetime_update,100
datetime_context,13日の夜8時,datetime_update,100
datetime_context,13日の夜8時で,datetime_update,100
datetime_context,13日の夜8時から,datetime_update,100
datetime_context,13日の夜8時でお願いします,datetime_update,100
datetime_context,13日の夜8時空いてますか,datetime_update,100
datetime_context,13日の夜8時いけますか,datetime_update,100
datetime_context,13日の夜8時取れますか,datetime_update,100
datetime_context,13日の夜8時で予約したい,datetime_update,100
datetime_context,13日の夜8時とかどうですか,datetime_update,100
datetime_context,13日の夜8時で見てもらえる？,datetime_update,100
datetime_context,13日の夜8時で入れる？,datetime_update,100
datetime_context,13日の夜8時で頼みたい,datetime_update,100
datetime_context,13日の夜8時あたりで,datetime_update,100
datetime_context,13日の夜9時,datetime_update,100
datetime_correction,やっぱ12日,datetime_overwrite,100
datetime_correction,やっぱ12日お願いします,datetime_overwrite,100
datetime_correction,やっぱ12日で頼む,datetime_overwrite,100
datetime_correction,やっぱ12日に変えて,datetime_overwrite,100
datetime_correction,やっぱ12日でいいです,datetime_overwrite,100
datetime_correction,やっぱ12日で大丈夫,datetime_overwrite,100
datetime_correction,やっぱ12日にしてください,datetime_overwrite,100
datetime_correction,やっぱ12日で見て,datetime_overwrite,100
datetime_correction,やっぱ12日で再確認,datetime_overwrite,100
datetime_correction,やっぱ12日で取り直して,datetime_overwrite,100
datetime_correction,やっぱ13日,datetime_overwrite,100
datetime_correction,やっぱ13日お願いします,datetime_overwrite,100
datetime_correction,やっぱ13日で頼む,datetime_overwrite,100
datetime_correction,やっぱ13日に変えて,datetime_overwrite,100
datetime_correction,やっぱ13日でいいです,datetime_overwrite,100
datetime_correction,やっぱ13日で大丈夫,datetime_overwrite,100
datetime_correction,やっぱ13日にしてください,datetime_overwrite,100
datetime_correction,やっぱ13日で見て,datetime_overwrite,100
datetime_correction,やっぱ13日で再確認,datetime_overwrite,100
datetime_correction,やっぱ13日で取り直して,datetime_overwrite,100
datetime_correction,やっぱ14日,datetime_overwrite,100
datetime_correction,やっぱ14日お願いします,datetime_overwrite,100
datetime_correction,やっぱ14日で頼む,datetime_overwrite,100
datetime_correction,やっぱ14日に変えて,datetime_overwrite,100
datetime_correction,やっぱ14日でいいです,datetime_overwrite,100
datetime_correction,やっぱ14日で大丈夫,datetime_overwrite,100
datetime_correction,やっぱ14日にしてください,datetime_overwrite,100
datetime_correction,やっぱ14日で見て,datetime_overwrite,100
datetime_correction,やっぱ14日で再確認,datetime_overwrite,100
datetime_correction,やっぱ14日で取り直して,datetime_overwrite,100
datetime_correction,やっぱ明日,datetime_overwrite,100
datetime_correction,やっぱ明日お願いします,datetime_overwrite,100
datetime_correction,やっぱ明日で頼む,datetime_overwrite,100
datetime_correction,やっぱ明日に変えて,datetime_overwrite,100
datetime_correction,やっぱ明日でいいです,datetime_overwrite,100
datetime_correction,やっぱ明日で大丈夫,datetime_overwrite,100
datetime_correction,やっぱ明日にしてください,datetime_overwrite,100
datetime_correction,やっぱ明日で見て,datetime_overwrite,100
datetime_correction,やっぱ明日で再確認,datetime_overwrite,100
datetime_correction,やっぱ明日で取り直して,datetime_overwrite,100
datetime_correction,やっぱ明後日,datetime_overwrite,100
datetime_correction,やっぱ明後日お願いします,datetime_overwrite,100
datetime_correction,やっぱ明後日で頼む,datetime_overwrite,100
datetime_correction,やっぱ明後日に変えて,datetime_overwrite,100
datetime_correction,やっぱ明後日でいいです,datetime_overwrite,100
datetime_correction,やっぱ明後日で大丈夫,datetime_overwrite,100
datetime_correction,やっぱ明後日にしてください,datetime_overwrite,100
datetime_correction,やっぱ明後日で見て,datetime_overwrite,100
datetime_correction,やっぱ明後日で再確認,datetime_overwrite,100
datetime_correction,やっぱ明後日で取り直して,datetime_overwrite,100
datetime_correction,やっぱ来週金曜,datetime_overwrite,100
datetime_correction,やっぱ来週金曜お願いします,datetime_overwrite,100
datetime_correction,やっぱ来週金曜で頼む,datetime_overwrite,100
datetime_correction,やっぱ来週金曜に変えて,datetime_overwrite,100
datetime_correction,やっぱ来週金曜でいいです,datetime_overwrite,100
datetime_correction,やっぱ来週金曜で大丈夫,datetime_overwrite,100
datetime_correction,やっぱ来週金曜にしてください,datetime_overwrite,100
datetime_correction,やっぱ来週金曜で見て,datetime_overwrite,100
datetime_correction,やっぱ来週金曜で再確認,datetime_overwrite,100
datetime_correction,やっぱ来週金曜で取り直して,datetime_overwrite,100
datetime_correction,じゃあ12日,datetime_overwrite,100
datetime_correction,じゃあ12日お願いします,datetime_overwrite,100
datetime_correction,じゃあ12日で頼む,datetime_overwrite,100
datetime_correction,じゃあ12日に変えて,datetime_overwrite,100
datetime_correction,じゃあ12日でいいです,datetime_overwrite,100
datetime_correction,じゃあ12日で大丈夫,datetime_overwrite,100
datetime_correction,じゃあ12日にしてください,datetime_overwrite,100
datetime_correction,じゃあ12日で見て,datetime_overwrite,100
datetime_correction,じゃあ12日で再確認,datetime_overwrite,100
datetime_correction,じゃあ12日で取り直して,datetime_overwrite,100
datetime_correction,じゃあ13日,datetime_overwrite,100
datetime_correction,じゃあ13日お願いします,datetime_overwrite,100
datetime_correction,じゃあ13日で頼む,datetime_overwrite,100
datetime_correction,じゃあ13日に変えて,datetime_overwrite,100
datetime_correction,じゃあ13日でいいです,datetime_overwrite,100
datetime_correction,じゃあ13日で大丈夫,datetime_overwrite,100
datetime_correction,じゃあ13日にしてください,datetime_overwrite,100
datetime_correction,じゃあ13日で見て,datetime_overwrite,100
datetime_correction,じゃあ13日で再確認,datetime_overwrite,100
datetime_correction,じゃあ13日で取り直して,datetime_overwrite,100
datetime_correction,日付12日にして,datetime_overwrite,100
datetime_correction,日付12日にしてお願いします,datetime_overwrite,100
datetime_correction,日付12日にしてで頼む,datetime_overwrite,100
datetime_correction,日付12日にしてに変えて,datetime_overwrite,100
datetime_correction,日付12日にしてでいいです,datetime_overwrite,100
datetime_correction,日付12日にしてで大丈夫,datetime_overwrite,100
datetime_correction,日付12日にしてにしてください,datetime_overwrite,100
datetime_correction,日付12日にしてで見て,datetime_overwrite,100
datetime_correction,日付12日にしてで再確認,datetime_overwrite,100
datetime_correction,日付12日にしてで取り直して,datetime_overwrite,100
datetime_correction,日付13日にして,datetime_overwrite,100
datetime_correction,日付13日にしてお願いします,datetime_overwrite,100
datetime_correction,日付13日にしてで頼む,datetime_overwrite,100
datetime_correction,日付13日にしてに変えて,datetime_overwrite,100
datetime_correction,日付13日にしてでいいです,datetime_overwrite,100
datetime_correction,日付13日にしてで大丈夫,datetime_overwrite,100
datetime_correction,日付13日にしてにしてください,datetime_overwrite,100
datetime_correction,日付13日にしてで見て,datetime_overwrite,100
datetime_correction,日付13日にしてで再確認,datetime_overwrite,100
datetime_correction,日付13日にしてで取り直して,datetime_overwrite,100
datetime_correction,12日に変更,datetime_overwrite,100
datetime_correction,12日に変更お願いします,datetime_overwrite,100
datetime_correction,12日に変更で頼む,datetime_overwrite,100
datetime_correction,12日に変更に変えて,datetime_overwrite,100
datetime_correction,12日に変更でいいです,datetime_overwrite,100
datetime_correction,12日に変更で大丈夫,datetime_overwrite,100
datetime_correction,12日に変更にしてください,datetime_overwrite,100
datetime_correction,12日に変更で見て,datetime_overwrite,100
datetime_correction,12日に変更で再確認,datetime_overwrite,100
datetime_correction,12日に変更で取り直して,datetime_overwrite,100
datetime_correction,13日に変更,datetime_overwrite,100
datetime_correction,13日に変更お願いします,datetime_overwrite,100
datetime_correction,13日に変更で頼む,datetime_overwrite,100
datetime_correction,13日に変更に変えて,datetime_overwrite,100
datetime_correction,13日に変更でいいです,datetime_overwrite,100
datetime_correction,13日に変更で大丈夫,datetime_overwrite,100
datetime_correction,13日に変更にしてください,datetime_overwrite,100
datetime_correction,13日に変更で見て,datetime_overwrite,100
datetime_correction,13日に変更で再確認,datetime_overwrite,100
datetime_correction,13日に変更で取り直して,datetime_overwrite,100
datetime_correction,さっきのなしで12日,datetime_overwrite,100
datetime_correction,さっきのなしで12日お願いします,datetime_overwrite,100
datetime_correction,さっきのなしで12日で頼む,datetime_overwrite,100
datetime_correction,さっきのなしで12日に変えて,datetime_overwrite,100
datetime_correction,さっきのなしで12日でいいです,datetime_overwrite,100
datetime_correction,さっきのなしで12日で大丈夫,datetime_overwrite,100
datetime_correction,さっきのなしで12日にしてください,datetime_overwrite,100
datetime_correction,さっきのなしで12日で見て,datetime_overwrite,100
datetime_correction,さっきのなしで12日で再確認,datetime_overwrite,100
datetime_correction,さっきのなしで12日で取り直して,datetime_overwrite,100
datetime_correction,さっきのなしで13日,datetime_overwrite,100
datetime_correction,さっきのなしで13日お願いします,datetime_overwrite,100
datetime_correction,さっきのなしで13日で頼む,datetime_overwrite,100
datetime_correction,さっきのなしで13日に変えて,datetime_overwrite,100
datetime_correction,さっきのなしで13日でいいです,datetime_overwrite,100
datetime_correction,さっきのなしで13日で大丈夫,datetime_overwrite,100
datetime_correction,さっきのなしで13日にしてください,datetime_overwrite,100
datetime_correction,さっきのなしで13日で見て,datetime_overwrite,100
datetime_correction,さっきのなしで13日で再確認,datetime_overwrite,100
datetime_correction,さっきのなしで13日で取り直して,datetime_overwrite,100
datetime_correction,20時で,datetime_overwrite,100
datetime_correction,20時でお願いします,datetime_overwrite,100
datetime_correction,20時でで頼む,datetime_overwrite,100
datetime_correction,20時でに変えて,datetime_overwrite,100
datetime_correction,20時ででいいです,datetime_overwrite,100
datetime_correction,20時でで大丈夫,datetime_overwrite,100
datetime_correction,20時でにしてください,datetime_overwrite,100
datetime_correction,20時でで見て,datetime_overwrite,100
datetime_correction,20時でで再確認,datetime_overwrite,100
datetime_correction,20時でで取り直して,datetime_overwrite,100
datetime_correction,21時で,datetime_overwrite,100
datetime_correction,21時でお願いします,datetime_overwrite,100
datetime_correction,21時でで頼む,datetime_overwrite,100
datetime_correction,21時でに変えて,datetime_overwrite,100
datetime_correction,21時ででいいです,datetime_overwrite,100
datetime_correction,21時でで大丈夫,datetime_overwrite,100
datetime_correction,21時でにしてください,datetime_overwrite,100
datetime_correction,21時でで見て,datetime_overwrite,100
datetime_correction,21時でで再確認,datetime_overwrite,100
datetime_correction,21時でで取り直して,datetime_overwrite,100
datetime_correction,22時で,datetime_overwrite,100
datetime_correction,22時でお願いします,datetime_overwrite,100
datetime_correction,22時でで頼む,datetime_overwrite,100
datetime_correction,22時でに変えて,datetime_overwrite,100
datetime_correction,22時ででいいです,datetime_overwrite,100
datetime_correction,22時でで大丈夫,datetime_overwrite,100
datetime_correction,22時でにしてください,datetime_overwrite,100
datetime_correction,22時でで見て,datetime_overwrite,100
datetime_correction,22時でで再確認,datetime_overwrite,100
datetime_correction,22時でで取り直して,datetime_overwrite,100
datetime_correction,20時にして,datetime_overwrite,100
datetime_correction,20時にしてお願いします,datetime_overwrite,100
datetime_correction,20時にしてで頼む,datetime_overwrite,100
datetime_correction,20時にしてに変えて,datetime_overwrite,100
datetime_correction,20時にしてでいいです,datetime_overwrite,100
datetime_correction,20時にしてで大丈夫,datetime_overwrite,100
datetime_correction,20時にしてにしてください,datetime_overwrite,100
datetime_correction,20時にしてで見て,datetime_overwrite,100
datetime_correction,20時にしてで再確認,datetime_overwrite,100
datetime_correction,20時にしてで取り直して,datetime_overwrite,100
datetime_correction,21時にして,datetime_overwrite,100
datetime_correction,21時にしてお願いします,datetime_overwrite,100
datetime_correction,21時にしてで頼む,datetime_overwrite,100
datetime_correction,21時にしてに変えて,datetime_overwrite,100
datetime_correction,21時にしてでいいです,datetime_overwrite,100
datetime_correction,21時にしてで大丈夫,datetime_overwrite,100
datetime_correction,21時にしてにしてください,datetime_overwrite,100
datetime_correction,21時にしてで見て,datetime_overwrite,100
datetime_correction,21時にしてで再確認,datetime_overwrite,100
datetime_correction,21時にしてで取り直して,datetime_overwrite,100
datetime_correction,22時にして,datetime_overwrite,100
datetime_correction,22時にしてお願いします,datetime_overwrite,100
datetime_correction,22時にしてで頼む,datetime_overwrite,100
datetime_correction,22時にしてに変えて,datetime_overwrite,100
datetime_correction,22時にしてでいいです,datetime_overwrite,100
datetime_correction,22時にしてで大丈夫,datetime_overwrite,100
datetime_correction,22時にしてにしてください,datetime_overwrite,100
datetime_correction,22時にしてで見て,datetime_overwrite,100
datetime_correction,22時にしてで再確認,datetime_overwrite,100
datetime_correction,22時にしてで取り直して,datetime_overwrite,100
datetime_correction,やっぱ20時,datetime_overwrite,100
datetime_correction,やっぱ20時お願いします,datetime_overwrite,100
datetime_correction,やっぱ20時で頼む,datetime_overwrite,100
datetime_correction,やっぱ20時に変えて,datetime_overwrite,100
datetime_correction,やっぱ20時でいいです,datetime_overwrite,100
datetime_correction,やっぱ20時で大丈夫,datetime_overwrite,100
datetime_correction,やっぱ20時にしてください,datetime_overwrite,100
datetime_correction,やっぱ20時で見て,datetime_overwrite,100
datetime_correction,やっぱ20時で再確認,datetime_overwrite,100
datetime_correction,やっぱ20時で取り直して,datetime_overwrite,100
datetime_correction,やっぱ21時,datetime_overwrite,100
datetime_correction,やっぱ21時お願いします,datetime_overwrite,100
datetime_correction,やっぱ21時で頼む,datetime_overwrite,100
datetime_correction,やっぱ21時に変えて,datetime_overwrite,100
datetime_correction,やっぱ21時でいいです,datetime_overwrite,100
datetime_correction,やっぱ21時で大丈夫,datetime_overwrite,100
datetime_correction,やっぱ21時にしてください,datetime_overwrite,100
datetime_correction,やっぱ21時で見て,datetime_overwrite,100
datetime_correction,やっぱ21時で再確認,datetime_overwrite,100
datetime_correction,やっぱ21時で取り直して,datetime_overwrite,100
datetime_correction,やっぱ22時,datetime_overwrite,100
datetime_correction,やっぱ22時お願いします,datetime_overwrite,100
datetime_correction,やっぱ22時で頼む,datetime_overwrite,100
datetime_correction,やっぱ22時に変えて,datetime_overwrite,100
datetime_correction,やっぱ22時でいいです,datetime_overwrite,100
datetime_correction,やっぱ22時で大丈夫,datetime_overwrite,100
datetime_correction,やっぱ22時にしてください,datetime_overwrite,100
datetime_correction,やっぱ22時で見て,datetime_overwrite,100
datetime_correction,やっぱ22時で再確認,datetime_overwrite,100
datetime_correction,やっぱ22時で取り直して,datetime_overwrite,100
datetime_correction,時間20時で,datetime_overwrite,100
datetime_correction,時間20時でお願いします,datetime_overwrite,100
datetime_correction,時間20時でで頼む,datetime_overwrite,100
datetime_correction,時間20時でに変えて,datetime_overwrite,100
datetime_correction,時間20時ででいいです,datetime_overwrite,100
datetime_correction,時間20時でで大丈夫,datetime_overwrite,100
datetime_correction,時間20時でにしてください,datetime_overwrite,100
datetime_correction,時間20時でで見て,datetime_overwrite,100
datetime_correction,時間20時でで再確認,datetime_overwrite,100
datetime_correction,時間20時でで取り直して,datetime_overwrite,100
datetime_correction,時間21時で,datetime_overwrite,100
datetime_correction,時間21時でお願いします,datetime_overwrite,100
datetime_correction,時間21時でで頼む,datetime_overwrite,100
datetime_correction,時間21時でに変えて,datetime_overwrite,100
datetime_correction,時間21時ででいいです,datetime_overwrite,100
datetime_correction,時間21時でで大丈夫,datetime_overwrite,100
datetime_correction,時間21時でにしてください,datetime_overwrite,100
datetime_correction,時間21時でで見て,datetime_overwrite,100
datetime_correction,時間21時でで再確認,datetime_overwrite,100
datetime_correction,時間21時でで取り直して,datetime_overwrite,100
datetime_correction,時間22時で,datetime_overwrite,100
datetime_correction,時間22時でお願いします,datetime_overwrite,100
datetime_correction,時間22時でで頼む,datetime_overwrite,100
datetime_correction,時間22時でに変えて,datetime_overwrite,100
datetime_correction,時間22時ででいいです,datetime_overwrite,100
datetime_correction,時間22時でで大丈夫,datetime_overwrite,100
datetime_correction,時間22時でにしてください,datetime_overwrite,100
datetime_correction,時間22時でで見て,datetime_overwrite,100
datetime_correction,時間22時でで再確認,datetime_overwrite,100
datetime_correction,時間22時でで取り直して,datetime_overwrite,100
datetime_correction,夜8時で,datetime_overwrite,100
datetime_correction,夜8時でお願いします,datetime_overwrite,100
datetime_correction,夜8時でで頼む,datetime_overwrite,100
datetime_correction,夜8時でに変えて,datetime_overwrite,100
datetime_correction,夜8時ででいいです,datetime_overwrite,100
datetime_correction,夜8時でで大丈夫,datetime_overwrite,100
datetime_correction,夜8時でにしてください,datetime_overwrite,100
datetime_correction,夜8時でで見て,datetime_overwrite,100
datetime_correction,夜8時でで再確認,datetime_overwrite,100
datetime_correction,夜8時でで取り直して,datetime_overwrite,100
datetime_correction,夜9時で,datetime_overwrite,100
datetime_correction,夜9時でお願いします,datetime_overwrite,100
datetime_correction,夜9時でで頼む,datetime_overwrite,100
datetime_correction,夜9時でに変えて,datetime_overwrite,100
datetime_correction,夜9時ででいいです,datetime_overwrite,100
datetime_correction,夜9時でで大丈夫,datetime_overwrite,100
datetime_correction,夜9時でにしてください,datetime_overwrite,100
datetime_correction,夜9時でで見て,datetime_overwrite,100
datetime_correction,夜9時でで再確認,datetime_overwrite,100
datetime_correction,夜9時でで取り直して,datetime_overwrite,100
datetime_correction,20時半で,datetime_overwrite,100
datetime_correction,20時半でお願いします,datetime_overwrite,100
datetime_correction,20時半でで頼む,datetime_overwrite,100
datetime_correction,20時半でに変えて,datetime_overwrite,100
datetime_correction,20時半ででいいです,datetime_overwrite,100
datetime_correction,20時半でで大丈夫,datetime_overwrite,100
datetime_correction,20時半でにしてください,datetime_overwrite,100
datetime_correction,20時半でで見て,datetime_overwrite,100
datetime_correction,20時半でで再確認,datetime_overwrite,100
datetime_correction,20時半でで取り直して,datetime_overwrite,100
datetime_correction,21時半で,datetime_overwrite,100
datetime_correction,21時半でお願いします,datetime_overwrite,100
datetime_correction,21時半でで頼む,datetime_overwrite,100
datetime_correction,21時半でに変えて,datetime_overwrite,100
datetime_correction,21時半ででいいです,datetime_overwrite,100
datetime_correction,21時半でで大丈夫,datetime_overwrite,100
datetime_correction,21時半でにしてください,datetime_overwrite,100
datetime_correction,21時半でで見て,datetime_overwrite,100
datetime_correction,21時半でで再確認,datetime_overwrite,100
datetime_correction,21時半でで取り直して,datetime_overwrite,100
datetime_question,12日の11時ですか,question_mode,100
datetime_question,12日の11時ですか？,question_mode,100
datetime_question,12日の11時ですかね,question_mode,100
datetime_question,12日の11時ですかよね,question_mode,100
datetime_question,12日の11時ですかでしたっけ,question_mode,100
datetime_question,12日の11時ですかで合ってます？,question_mode,100
datetime_question,12日の11時ですかってこと？,question_mode,100
datetime_question,12日の11時ですかですかね,question_mode,100
datetime_question,12日の11時ですかでいいんですか,question_mode,100
datetime_question,12日の11時ですかで間違いない？,question_mode,100
datetime_question,12日の11時ですかかな,question_mode,100
datetime_question,12日の20時ですか,question_mode,100
datetime_question,12日の20時ですか？,question_mode,100
datetime_question,12日の20時ですかね,question_mode,100
datetime_question,12日の20時ですかよね,question_mode,100
datetime_question,12日の20時ですかでしたっけ,question_mode,100
datetime_question,12日の20時ですかで合ってます？,question_mode,100
datetime_question,12日の20時ですかってこと？,question_mode,100
datetime_question,12日の20時ですかですかね,question_mode,100
datetime_question,12日の20時ですかでいいんですか,question_mode,100
datetime_question,12日の20時ですかで間違いない？,question_mode,100
datetime_question,12日の20時ですかかな,question_mode,100
datetime_question,13日の20時ですか,question_mode,100
datetime_question,13日の20時ですか？,question_mode,100
datetime_question,13日の20時ですかね,question_mode,100
datetime_question,13日の20時ですかよね,question_mode,100
datetime_question,13日の20時ですかでしたっけ,question_mode,100
datetime_question,13日の20時ですかで合ってます？,question_mode,100
datetime_question,13日の20時ですかってこと？,question_mode,100
datetime_question,13日の20時ですかですかね,question_mode,100
datetime_question,13日の20時ですかでいいんですか,question_mode,100
datetime_question,13日の20時ですかで間違いない？,question_mode,100
datetime_question,13日の20時ですかかな,question_mode,100
datetime_question,14日の21時ですか,question_mode,100
datetime_question,14日の21時ですか？,question_mode,100
datetime_question,14日の21時ですかね,question_mode,100
datetime_question,14日の21時ですかよね,question_mode,100
datetime_question,14日の21時ですかでしたっけ,question_mode,100
datetime_question,14日の21時ですかで合ってます？,question_mode,100
datetime_question,14日の21時ですかってこと？,question_mode,100
datetime_question,14日の21時ですかですかね,question_mode,100
datetime_question,14日の21時ですかでいいんですか,question_mode,100
datetime_question,14日の21時ですかで間違いない？,question_mode,100
datetime_question,14日の21時ですかかな,question_mode,100
datetime_question,20時で大丈夫ですか,question_mode,100
datetime_question,20時で大丈夫ですか？,question_mode,100
datetime_question,20時で大丈夫ですかね,question_mode,100
datetime_question,20時で大丈夫ですかよね,question_mode,100
datetime_question,20時で大丈夫ですかでしたっけ,question_mode,100
datetime_question,20時で大丈夫ですかで合ってます？,question_mode,100
datetime_question,20時で大丈夫ですかってこと？,question_mode,100
datetime_question,20時で大丈夫ですかですかね,question_mode,100
datetime_question,20時で大丈夫ですかでいいんですか,question_mode,100
datetime_question,20時で大丈夫ですかで間違いない？,question_mode,100
datetime_question,20時で大丈夫ですかかな,question_mode,100
datetime_question,21時で大丈夫ですか,question_mode,100
datetime_question,21時で大丈夫ですか？,question_mode,100
datetime_question,21時で大丈夫ですかね,question_mode,100
datetime_question,21時で大丈夫ですかよね,question_mode,100
datetime_question,21時で大丈夫ですかでしたっけ,question_mode,100
datetime_question,21時で大丈夫ですかで合ってます？,question_mode,100
datetime_question,21時で大丈夫ですかってこと？,question_mode,100
datetime_question,21時で大丈夫ですかですかね,question_mode,100
datetime_question,21時で大丈夫ですかでいいんですか,question_mode,100
datetime_question,21時で大丈夫ですかで間違いない？,question_mode,100
datetime_question,21時で大丈夫ですかかな,question_mode,100
datetime_question,22時で大丈夫ですか,question_mode,100
datetime_question,22時で大丈夫ですか？,question_mode,100
datetime_question,22時で大丈夫ですかね,question_mode,100
datetime_question,22時で大丈夫ですかよね,question_mode,100
datetime_question,22時で大丈夫ですかでしたっけ,question_mode,100
datetime_question,22時で大丈夫ですかで合ってます？,question_mode,100
datetime_question,22時で大丈夫ですかってこと？,question_mode,100
datetime_question,22時で大丈夫ですかですかね,question_mode,100
datetime_question,22時で大丈夫ですかでいいんですか,question_mode,100
datetime_question,22時で大丈夫ですかで間違いない？,question_mode,100
datetime_question,22時で大丈夫ですかかな,question_mode,100
datetime_question,その時間空いてますか,question_mode,100
datetime_question,その時間空いてますか？,question_mode,100
datetime_question,その時間空いてますかね,question_mode,100
datetime_question,その時間空いてますかよね,question_mode,100
datetime_question,その時間空いてますかでしたっけ,question_mode,100
datetime_question,その時間空いてますかで合ってます？,question_mode,100
datetime_question,その時間空いてますかってこと？,question_mode,100
datetime_question,その時間空いてますかですかね,question_mode,100
datetime_question,その時間空いてますかでいいんですか,question_mode,100
datetime_question,その時間空いてますかで間違いない？,question_mode,100
datetime_question,その時間空いてますかかな,question_mode,100
datetime_question,その日で合ってますか,question_mode,100
datetime_question,その日で合ってますか？,question_mode,100
datetime_question,その日で合ってますかね,question_mode,100
datetime_question,その日で合ってますかよね,question_mode,100
datetime_question,その日で合ってますかでしたっけ,question_mode,100
datetime_question,その日で合ってますかで合ってます？,question_mode,100
datetime_question,その日で合ってますかってこと？,question_mode,100
datetime_question,その日で合ってますかですかね,question_mode,100
datetime_question,その日で合ってますかでいいんですか,question_mode,100
datetime_question,その日で合ってますかで間違いない？,question_mode,100
datetime_question,その日で合ってますかかな,question_mode,100
datetime_question,時間って20時ですか,question_mode,100
datetime_question,時間って20時ですか？,question_mode,100
datetime_question,時間って20時ですかね,question_mode,100
datetime_question,時間って20時ですかよね,question_mode,100
datetime_question,時間って20時ですかでしたっけ,question_mode,100
datetime_question,時間って20時ですかで合ってます？,question_mode,100
datetime_question,時間って20時ですかってこと？,question_mode,100
datetime_question,時間って20時ですかですかね,question_mode,100
datetime_question,時間って20時ですかでいいんですか,question_mode,100
datetime_question,時間って20時ですかで間違いない？,question_mode,100
datetime_question,時間って20時ですかかな,question_mode,100
datetime_question,日付って12日ですか,question_mode,100
datetime_question,日付って12日ですか？,question_mode,100
datetime_question,日付って12日ですかね,question_mode,100
datetime_question,日付って12日ですかよね,question_mode,100
datetime_question,日付って12日ですかでしたっけ,question_mode,100
datetime_question,日付って12日ですかで合ってます？,question_mode,100
datetime_question,日付って12日ですかってこと？,question_mode,100
datetime_question,日付って12日ですかですかね,question_mode,100
datetime_question,日付って12日ですかでいいんですか,question_mode,100
datetime_question,日付って12日ですかで間違いない？,question_mode,100
datetime_question,日付って12日ですかかな,question_mode,100
datetime_question,12日って言いましたか,question_mode,100
datetime_question,12日って言いましたか？,question_mode,100
datetime_question,12日って言いましたかね,question_mode,100
datetime_question,12日って言いましたかよね,question_mode,100
datetime_question,12日って言いましたかでしたっけ,question_mode,100
datetime_question,12日って言いましたかで合ってます？,question_mode,100
datetime_question,12日って言いましたかってこと？,question_mode,100
datetime_question,12日って言いましたかですかね,question_mode,100
datetime_question,12日って言いましたかでいいんですか,question_mode,100
datetime_question,12日って言いましたかで間違いない？,question_mode,100
datetime_question,12日って言いましたかかな,question_mode,100
datetime_question,13日って言いましたか,question_mode,100
datetime_question,13日って言いましたか？,question_mode,100
datetime_question,13日って言いましたかね,question_mode,100
datetime_question,13日って言いましたかよね,question_mode,100
datetime_question,13日って言いましたかでしたっけ,question_mode,100
datetime_question,13日って言いましたかで合ってます？,question_mode,100
datetime_question,13日って言いましたかってこと？,question_mode,100
datetime_question,13日って言いましたかですかね,question_mode,100
datetime_question,13日って言いましたかでいいんですか,question_mode,100
datetime_question,13日って言いましたかで間違いない？,question_mode,100
datetime_question,13日って言いましたかかな,question_mode,100
datetime_question,20時って言いましたか,question_mode,100
datetime_question,20時って言いましたか？,question_mode,100
datetime_question,20時って言いましたかね,question_mode,100
datetime_question,20時って言いましたかよね,question_mode,100
datetime_question,20時って言いましたかでしたっけ,question_mode,100
datetime_question,20時って言いましたかで合ってます？,question_mode,100
datetime_question,20時って言いましたかってこと？,question_mode,100
datetime_question,20時って言いましたかですかね,question_mode,100
datetime_question,20時って言いましたかでいいんですか,question_mode,100
datetime_question,20時って言いましたかで間違いない？,question_mode,100
datetime_question,20時って言いましたかかな,question_mode,100
datetime_question,21時って言いましたか,question_mode,100
datetime_question,21時って言いましたか？,question_mode,100
datetime_question,21時って言いましたかね,question_mode,100
datetime_question,21時って言いましたかよね,question_mode,100
datetime_question,21時って言いましたかでしたっけ,question_mode,100
datetime_question,21時って言いましたかで合ってます？,question_mode,100
datetime_question,21時って言いましたかってこと？,question_mode,100
datetime_question,21時って言いましたかですかね,question_mode,100
datetime_question,21時って言いましたかでいいんですか,question_mode,100
datetime_question,21時って言いましたかで間違いない？,question_mode,100
datetime_question,21時って言いましたかかな,question_mode,100
datetime_question,夜8時ってことですか,question_mode,100
datetime_question,夜8時ってことですか？,question_mode,100
datetime_question,夜8時ってことですかね,question_mode,100
datetime_question,夜8時ってことですかよね,question_mode,100
datetime_question,夜8時ってことですかでしたっけ,question_mode,100
datetime_question,夜8時ってことですかで合ってます？,question_mode,100
datetime_question,夜8時ってことですかってこと？,question_mode,100
datetime_question,夜8時ってことですかですかね,question_mode,100
datetime_question,夜8時ってことですかでいいんですか,question_mode,100
datetime_question,夜8時ってことですかで間違いない？,question_mode,100
datetime_question,夜8時ってことですかかな,question_mode,100
datetime_question,明日の20時ですか,question_mode,100
datetime_question,明日の20時ですか？,question_mode,100
datetime_question,明日の20時ですかね,question_mode,100
datetime_question,明日の20時ですかよね,question_mode,100
datetime_question,明日の20時ですかでしたっけ,question_mode,100
datetime_question,明日の20時ですかで合ってます？,question_mode,100
datetime_question,明日の20時ですかってこと？,question_mode,100
datetime_question,明日の20時ですかですかね,question_mode,100
datetime_question,明日の20時ですかでいいんですか,question_mode,100
datetime_question,明日の20時ですかで間違いない？,question_mode,100
datetime_question,明日の20時ですかかな,question_mode,100
datetime_question,来週金曜でいいんですか,question_mode,100
datetime_question,来週金曜でいいんですか？,question_mode,100
datetime_question,来週金曜でいいんですかね,question_mode,100
datetime_question,来週金曜でいいんですかよね,question_mode,100
datetime_question,来週金曜でいいんですかでしたっけ,question_mode,100
datetime_question,来週金曜でいいんですかで合ってます？,question_mode,100
datetime_question,来週金曜でいいんですかってこと？,question_mode,100
datetime_question,来週金曜でいいんですかですかね,question_mode,100
datetime_question,来週金曜でいいんですかでいいんですか,question_mode,100
datetime_question,来週金曜でいいんですかで間違いない？,question_mode,100
datetime_question,来週金曜でいいんですかかな,question_mode,100
datetime_question,何時なら空いてますか,question_mode,100
datetime_question,何時なら空いてますか？,question_mode,100
datetime_question,何時なら空いてますかね,question_mode,100
datetime_question,何時なら空いてますかよね,question_mode,100
datetime_question,何時なら空いてますかでしたっけ,question_mode,100
datetime_question,何時なら空いてますかで合ってます？,question_mode,100
datetime_question,何時なら空いてますかってこと？,question_mode,100
datetime_question,何時なら空いてますかですかね,question_mode,100
datetime_question,何時なら空いてますかでいいんですか,question_mode,100
datetime_question,何時なら空いてますかで間違いない？,question_mode,100
datetime_question,何時なら空いてますかかな,question_mode,100
datetime_question,何日でしたっけ,question_mode,100
datetime_question,何日でしたっけ？,question_mode,100
datetime_question,何日でしたっけね,question_mode,100
datetime_question,何日でしたっけよね,question_mode,100
datetime_question,何日でしたっけでしたっけ,question_mode,100
datetime_question,何日でしたっけで合ってます？,question_mode,100
datetime_question,何日でしたっけってこと？,question_mode,100
datetime_question,何日でしたっけですかね,question_mode,100
datetime_question,何日でしたっけでいいんですか,question_mode,100
datetime_question,何日でしたっけで間違いない？,question_mode,100
datetime_question,何日でしたっけかな,question_mode,100
datetime_question,時間は何時ですか,question_mode,100
datetime_question,時間は何時ですか？,question_mode,100
datetime_question,時間は何時ですかね,question_mode,100
datetime_question,時間は何時ですかよね,question_mode,100
datetime_question,時間は何時ですかでしたっけ,question_mode,100
datetime_question,時間は何時ですかで合ってます？,question_mode,100
datetime_question,時間は何時ですかってこと？,question_mode,100
datetime_question,時間は何時ですかですかね,question_mode,100
datetime_question,時間は何時ですかでいいんですか,question_mode,100
datetime_question,時間は何時ですかで間違いない？,question_mode,100
datetime_question,時間は何時ですかかな,question_mode,100
datetime_question,12日の何時ですか,question_mode,100
datetime_question,12日の何時ですか？,question_mode,100
datetime_question,12日の何時ですかね,question_mode,100
datetime_question,12日の何時ですかよね,question_mode,100
datetime_question,12日の何時ですかでしたっけ,question_mode,100
datetime_question,12日の何時ですかで合ってます？,question_mode,100
datetime_question,12日の何時ですかってこと？,question_mode,100
datetime_question,12日の何時ですかですかね,question_mode,100
datetime_question,12日の何時ですかでいいんですか,question_mode,100
datetime_question,12日の何時ですかで間違いない？,question_mode,100
datetime_question,12日の何時ですかかな,question_mode,100
datetime_question,20時でいけますか,question_mode,100
datetime_question,20時でいけますか？,question_mode,100
datetime_question,20時でいけますかね,question_mode,100
datetime_question,20時でいけますかよね,question_mode,100
datetime_question,20時でいけますかでしたっけ,question_mode,100
datetime_question,20時でいけますかで合ってます？,question_mode,100
datetime_question,20時でいけますかってこと？,question_mode,100
datetime_question,20時でいけますかですかね,question_mode,100
datetime_question,20時でいけますかでいいんですか,question_mode,100
datetime_question,20時でいけますかで間違いない？,question_mode,100
datetime_question,20時でいけますかかな,question_mode,100
datetime_question,その時間で予約できますか,question_mode,100
datetime_question,その時間で予約できますか？,question_mode,100
datetime_question,その時間で予約できますかね,question_mode,100
datetime_question,その時間で予約できますかよね,question_mode,100
datetime_question,その時間で予約できますかでしたっけ,question_mode,100
datetime_question,その時間で予約できますかで合ってます？,question_mode,100
datetime_question,その時間で予約できますかってこと？,question_mode,100
datetime_question,その時間で予約できますかですかね,question_mode,100
datetime_question,その時間で予約できますかでいいんですか,question_mode,100
datetime_question,その時間で予約できますかで間違いない？,question_mode,100
datetime_question,その時間で予約できますかかな,question_mode,100
datetime_question,本当に空いてますか,question_mode,100
datetime_question,本当に空いてますか？,question_mode,100
datetime_question,本当に空いてますかね,question_mode,100
datetime_question,本当に空いてますかよね,question_mode,100
datetime_question,本当に空いてますかでしたっけ,question_mode,100
datetime_question,本当に空いてますかで合ってます？,question_mode,100
datetime_question,本当に空いてますかってこと？,question_mode,100
datetime_question,本当に空いてますかですかね,question_mode,100
datetime_question,本当に空いてますかでいいんですか,question_mode,100
datetime_question,本当に空いてますかで間違いない？,question_mode,100
datetime_question,本当に空いてますかかな,question_mode,100
datetime_question,12日で大丈夫なんですか,question_mode,100
datetime_question,12日で大丈夫なんですか？,question_mode,100
datetime_question,12日で大丈夫なんですかね,question_mode,100
datetime_question,12日で大丈夫なんですかよね,question_mode,100
datetime_question,12日で大丈夫なんですかでしたっけ,question_mode,100
datetime_question,12日で大丈夫なんですかで合ってます？,question_mode,100
datetime_question,12日で大丈夫なんですかってこと？,question_mode,100
datetime_question,12日で大丈夫なんですかですかね,question_mode,100
datetime_question,12日で大丈夫なんですかでいいんですか,question_mode,100
datetime_question,12日で大丈夫なんですかで間違いない？,question_mode,100
datetime_question,12日で大丈夫なんですかかな,question_mode,100
datetime_question,20時空いてるんですか,question_mode,100
datetime_question,20時空いてるんですか？,question_mode,100
datetime_question,20時空いてるんですかね,question_mode,100
datetime_question,20時空いてるんですかよね,question_mode,100
datetime_question,20時空いてるんですかでしたっけ,question_mode,100
datetime_question,20時空いてるんですかで合ってます？,question_mode,100
datetime_question,20時空いてるんですかってこと？,question_mode,100
datetime_question,20時空いてるんですかですかね,question_mode,100
datetime_question,20時空いてるんですかでいいんですか,question_mode,100
datetime_question,20時空いてるんですかで間違いない？,question_mode,100
datetime_question,20時空いてるんですかかな,question_mode,100
datetime_question,日付はいつですか,question_mode,100
datetime_question,日付はいつですか？,question_mode,100
datetime_question,日付はいつですかね,question_mode,100
ambiguous_datetime,夜,clarification_required,100
ambiguous_datetime,夜で,clarification_required,100
ambiguous_datetime,夜がいい,clarification_required,100
ambiguous_datetime,夜くらい,clarification_required,100
ambiguous_datetime,夜あたり,clarification_required,100
ambiguous_datetime,夜でお願いします,clarification_required,100
ambiguous_datetime,夜で見て,clarification_required,100
ambiguous_datetime,夜なら,clarification_required,100
ambiguous_datetime,夜とか,clarification_required,100
ambiguous_datetime,夜でいけますか,clarification_required,100
ambiguous_datetime,夜空いてますか,clarification_required,100
ambiguous_datetime,夜お願い,clarification_required,100
ambiguous_datetime,夜で頼む,clarification_required,100
ambiguous_datetime,夜で大丈夫,clarification_required,100
ambiguous_datetime,夜で取れる？,clarification_required,100
ambiguous_datetime,昼,clarification_required,100
ambiguous_datetime,昼で,clarification_required,100
ambiguous_datetime,昼がいい,clarification_required,100
ambiguous_datetime,昼くらい,clarification_required,100
ambiguous_datetime,昼あたり,clarification_required,100
ambiguous_datetime,昼でお願いします,clarification_required,100
ambiguous_datetime,昼で見て,clarification_required,100
ambiguous_datetime,昼なら,clarification_required,100
ambiguous_datetime,昼とか,clarification_required,100
ambiguous_datetime,昼でいけますか,clarification_required,100
ambiguous_datetime,昼空いてますか,clarification_required,100
ambiguous_datetime,昼お願い,clarification_required,100
ambiguous_datetime,昼で頼む,clarification_required,100
ambiguous_datetime,昼で大丈夫,clarification_required,100
ambiguous_datetime,昼で取れる？,clarification_required,100
ambiguous_datetime,夕方,clarification_required,100
ambiguous_datetime,夕方で,clarification_required,100
ambiguous_datetime,夕方がいい,clarification_required,100
ambiguous_datetime,夕方くらい,clarification_required,100
ambiguous_datetime,夕方あたり,clarification_required,100
ambiguous_datetime,夕方でお願いします,clarification_required,100
ambiguous_datetime,夕方で見て,clarification_required,100
ambiguous_datetime,夕方なら,clarification_required,100
ambiguous_datetime,夕方とか,clarification_required,100
ambiguous_datetime,夕方でいけますか,clarification_required,100
ambiguous_datetime,夕方空いてますか,clarification_required,100
ambiguous_datetime,夕方お願い,clarification_required,100
ambiguous_datetime,夕方で頼む,clarification_required,100
ambiguous_datetime,夕方で大丈夫,clarification_required,100
ambiguous_datetime,夕方で取れる？,clarification_required,100
ambiguous_datetime,午前中,clarification_required,100
ambiguous_datetime,午前中で,clarification_required,100
ambiguous_datetime,午前中がいい,clarification_required,100
ambiguous_datetime,午前中くらい,clarification_required,100
ambiguous_datetime,午前中あたり,clarification_required,100
ambiguous_datetime,午前中でお願いします,clarification_required,100
ambiguous_datetime,午前中で見て,clarification_required,100
ambiguous_datetime,午前中なら,clarification_required,100
ambiguous_datetime,午前中とか,clarification_required,100
ambiguous_datetime,午前中でいけますか,clarification_required,100
ambiguous_datetime,午前中空いてますか,clarification_required,100
ambiguous_datetime,午前中お願い,clarification_required,100
ambiguous_datetime,午前中で頼む,clarification_required,100
ambiguous_datetime,午前中で大丈夫,clarification_required,100
ambiguous_datetime,午前中で取れる？,clarification_required,100
ambiguous_datetime,午後,clarification_required,100
ambiguous_datetime,午後で,clarification_required,100
ambiguous_datetime,午後がいい,clarification_required,100
ambiguous_datetime,午後くらい,clarification_required,100
ambiguous_datetime,午後あたり,clarification_required,100
ambiguous_datetime,午後でお願いします,clarification_required,100
ambiguous_datetime,午後で見て,clarification_required,100
ambiguous_datetime,午後なら,clarification_required,100
ambiguous_datetime,午後とか,clarification_required,100
ambiguous_datetime,午後でいけますか,clarification_required,100
ambiguous_datetime,午後空いてますか,clarification_required,100
ambiguous_datetime,午後お願い,clarification_required,100
ambiguous_datetime,午後で頼む,clarification_required,100
ambiguous_datetime,午後で大丈夫,clarification_required,100
ambiguous_datetime,午後で取れる？,clarification_required,100
ambiguous_datetime,仕事終わり,clarification_required,100
ambiguous_datetime,仕事終わりで,clarification_required,100
ambiguous_datetime,仕事終わりがいい,clarification_required,100
ambiguous_datetime,仕事終わりくらい,clarification_required,100
ambiguous_datetime,仕事終わりあたり,clarification_required,100
ambiguous_datetime,仕事終わりでお願いします,clarification_required,100
ambiguous_datetime,仕事終わりで見て,clarification_required,100
ambiguous_datetime,仕事終わりなら,clarification_required,100
ambiguous_datetime,仕事終わりとか,clarification_required,100
ambiguous_datetime,仕事終わりでいけますか,clarification_required,100
ambiguous_datetime,仕事終わり空いてますか,clarification_required,100
ambiguous_datetime,仕事終わりお願い,clarification_required,100
ambiguous_datetime,仕事終わりで頼む,clarification_required,100
ambiguous_datetime,仕事終わりで大丈夫,clarification_required,100
ambiguous_datetime,仕事終わりで取れる？,clarification_required,100
ambiguous_datetime,遅め,clarification_required,100
ambiguous_datetime,遅めで,clarification_required,100
ambiguous_datetime,遅めがいい,clarification_required,100
ambiguous_datetime,遅めくらい,clarification_required,100
ambiguous_datetime,遅めあたり,clarification_required,100
ambiguous_datetime,遅めでお願いします,clarification_required,100
ambiguous_datetime,遅めで見て,clarification_required,100
ambiguous_datetime,遅めなら,clarification_required,100
ambiguous_datetime,遅めとか,clarification_required,100
ambiguous_datetime,遅めでいけますか,clarification_required,100
ambiguous_datetime,遅め空いてますか,clarification_required,100
ambiguous_datetime,遅めお願い,clarification_required,100
ambiguous_datetime,遅めで頼む,clarification_required,100
ambiguous_datetime,遅めで大丈夫,clarification_required,100
ambiguous_datetime,遅めで取れる？,clarification_required,100
ambiguous_datetime,早め,clarification_required,100
ambiguous_datetime,早めで,clarification_required,100
ambiguous_datetime,早めがいい,clarification_required,100
ambiguous_datetime,早めくらい,clarification_required,100
ambiguous_datetime,早めあたり,clarification_required,100
ambiguous_datetime,早めでお願いします,clarification_required,100
ambiguous_datetime,早めで見て,clarification_required,100
ambiguous_datetime,早めなら,clarification_required,100
ambiguous_datetime,早めとか,clarification_required,100
ambiguous_datetime,早めでいけますか,clarification_required,100
ambiguous_datetime,早め空いてますか,clarification_required,100
ambiguous_datetime,早めお願い,clarification_required,100
ambiguous_datetime,早めで頼む,clarification_required,100
ambiguous_datetime,早めで大丈夫,clarification_required,100
ambiguous_datetime,早めで取れる？,clarification_required,100
ambiguous_datetime,空いてる時,clarification_required,100
ambiguous_datetime,空いてる時で,clarification_required,100
ambiguous_datetime,空いてる時がいい,clarification_required,100
ambiguous_datetime,空いてる時くらい,clarification_required,100
ambiguous_datetime,空いてる時あたり,clarification_required,100
ambiguous_datetime,空いてる時でお願いします,clarification_required,100
ambiguous_datetime,空いてる時で見て,clarification_required,100
ambiguous_datetime,空いてる時なら,clarification_required,100
ambiguous_datetime,空いてる時とか,clarification_required,100
ambiguous_datetime,空いてる時でいけますか,clarification_required,100
ambiguous_datetime,空いてる時空いてますか,clarification_required,100
ambiguous_datetime,空いてる時お願い,clarification_required,100
ambiguous_datetime,空いてる時で頼む,clarification_required,100
ambiguous_datetime,空いてる時で大丈夫,clarification_required,100
ambiguous_datetime,空いてる時で取れる？,clarification_required,100
ambiguous_datetime,空いてるとき,clarification_required,100
ambiguous_datetime,空いてるときで,clarification_required,100
ambiguous_datetime,空いてるときがいい,clarification_required,100
ambiguous_datetime,空いてるときくらい,clarification_required,100
ambiguous_datetime,空いてるときあたり,clarification_required,100
ambiguous_datetime,空いてるときでお願いします,clarification_required,100
ambiguous_datetime,空いてるときで見て,clarification_required,100
ambiguous_datetime,空いてるときなら,clarification_required,100
ambiguous_datetime,空いてるときとか,clarification_required,100
ambiguous_datetime,空いてるときでいけますか,clarification_required,100
ambiguous_datetime,空いてるとき空いてますか,clarification_required,100
ambiguous_datetime,空いてるときお願い,clarification_required,100
ambiguous_datetime,空いてるときで頼む,clarification_required,100
ambiguous_datetime,空いてるときで大丈夫,clarification_required,100
ambiguous_datetime,空いてるときで取れる？,clarification_required,100
ambiguous_datetime,最短,clarification_required,100
ambiguous_datetime,最短で,clarification_required,100
ambiguous_datetime,最短がいい,clarification_required,100
ambiguous_datetime,最短くらい,clarification_required,100
ambiguous_datetime,最短あたり,clarification_required,100
ambiguous_datetime,最短でお願いします,clarification_required,100
ambiguous_datetime,最短で見て,clarification_required,100
ambiguous_datetime,最短なら,clarification_required,100
ambiguous_datetime,最短とか,clarification_required,100
ambiguous_datetime,最短でいけますか,clarification_required,100
ambiguous_datetime,最短空いてますか,clarification_required,100
ambiguous_datetime,最短お願い,clarification_required,100
ambiguous_datetime,最短で頼む,clarification_required,100
ambiguous_datetime,最短で大丈夫,clarification_required,100
ambiguous_datetime,最短で取れる？,clarification_required,100
ambiguous_datetime,一番早く,clarification_required,100
ambiguous_datetime,一番早くで,clarification_required,100
ambiguous_datetime,一番早くがいい,clarification_required,100
ambiguous_datetime,一番早くくらい,clarification_required,100
ambiguous_datetime,一番早くあたり,clarification_required,100
ambiguous_datetime,一番早くでお願いします,clarification_required,100
ambiguous_datetime,一番早くで見て,clarification_required,100
ambiguous_datetime,一番早くなら,clarification_required,100
ambiguous_datetime,一番早くとか,clarification_required,100
ambiguous_datetime,一番早くでいけますか,clarification_required,100
ambiguous_datetime,一番早く空いてますか,clarification_required,100
ambiguous_datetime,一番早くお願い,clarification_required,100
ambiguous_datetime,一番早くで頼む,clarification_required,100
ambiguous_datetime,一番早くで大丈夫,clarification_required,100
ambiguous_datetime,一番早くで取れる？,clarification_required,100
ambiguous_datetime,今日いける時,clarification_required,100
ambiguous_datetime,今日いける時で,clarification_required,100
ambiguous_datetime,今日いける時がいい,clarification_required,100
ambiguous_datetime,今日いける時くらい,clarification_required,100
ambiguous_datetime,今日いける時あたり,clarification_required,100
ambiguous_datetime,今日いける時でお願いします,clarification_required,100
ambiguous_datetime,今日いける時で見て,clarification_required,100
ambiguous_datetime,今日いける時なら,clarification_required,100
ambiguous_datetime,今日いける時とか,clarification_required,100
ambiguous_datetime,今日いける時でいけますか,clarification_required,100
ambiguous_datetime,今日いける時空いてますか,clarification_required,100
ambiguous_datetime,今日いける時お願い,clarification_required,100
ambiguous_datetime,今日いける時で頼む,clarification_required,100
ambiguous_datetime,今日いける時で大丈夫,clarification_required,100
ambiguous_datetime,今日いける時で取れる？,clarification_required,100
ambiguous_datetime,夜ならで,clarification_required,100
ambiguous_datetime,夜ならがいい,clarification_required,100
ambiguous_datetime,夜ならくらい,clarification_required,100
ambiguous_datetime,夜ならあたり,clarification_required,100
ambiguous_datetime,夜ならでお願いします,clarification_required,100
ambiguous_datetime,夜ならで見て,clarification_required,100
ambiguous_datetime,夜ならなら,clarification_required,100
ambiguous_datetime,夜ならとか,clarification_required,100
ambiguous_datetime,夜ならでいけますか,clarification_required,100
ambiguous_datetime,夜なら空いてますか,clarification_required,100
ambiguous_datetime,夜ならお願い,clarification_required,100
ambiguous_datetime,夜ならで頼む,clarification_required,100
ambiguous_datetime,夜ならで大丈夫,clarification_required,100
ambiguous_datetime,夜ならで取れる？,clarification_required,100
ambiguous_datetime,昼ならで,clarification_required,100
ambiguous_datetime,昼ならがいい,clarification_required,100
ambiguous_datetime,昼ならくらい,clarification_required,100
ambiguous_datetime,昼ならあたり,clarification_required,100
ambiguous_datetime,昼ならでお願いします,clarification_required,100
ambiguous_datetime,昼ならで見て,clarification_required,100
ambiguous_datetime,昼ならなら,clarification_required,100
ambiguous_datetime,昼ならとか,clarification_required,100
ambiguous_datetime,昼ならでいけますか,clarification_required,100
ambiguous_datetime,昼なら空いてますか,clarification_required,100
ambiguous_datetime,昼ならお願い,clarification_required,100
ambiguous_datetime,昼ならで頼む,clarification_required,100
ambiguous_datetime,昼ならで大丈夫,clarification_required,100
ambiguous_datetime,昼ならで取れる？,clarification_required,100
ambiguous_datetime,夕方ならで,clarification_required,100
ambiguous_datetime,夕方ならがいい,clarification_required,100
ambiguous_datetime,夕方ならくらい,clarification_required,100
ambiguous_datetime,夕方ならあたり,clarification_required,100
ambiguous_datetime,夕方ならでお願いします,clarification_required,100
ambiguous_datetime,夕方ならで見て,clarification_required,100
ambiguous_datetime,夕方ならなら,clarification_required,100
ambiguous_datetime,夕方ならとか,clarification_required,100
ambiguous_datetime,夕方ならでいけますか,clarification_required,100
ambiguous_datetime,夕方なら空いてますか,clarification_required,100
ambiguous_datetime,夕方ならお願い,clarification_required,100
ambiguous_datetime,夕方ならで頼む,clarification_required,100
ambiguous_datetime,夕方ならで大丈夫,clarification_required,100
ambiguous_datetime,夕方ならで取れる？,clarification_required,100
ambiguous_datetime,仕事終わってから,clarification_required,100
ambiguous_datetime,仕事終わってからで,clarification_required,100
ambiguous_datetime,仕事終わってからがいい,clarification_required,100
ambiguous_datetime,仕事終わってからくらい,clarification_required,100
ambiguous_datetime,仕事終わってからあたり,clarification_required,100
ambiguous_datetime,仕事終わってからでお願いします,clarification_required,100
ambiguous_datetime,仕事終わってからで見て,clarification_required,100
ambiguous_datetime,仕事終わってからなら,clarification_required,100
ambiguous_datetime,仕事終わってからとか,clarification_required,100
ambiguous_datetime,仕事終わってからでいけますか,clarification_required,100
ambiguous_datetime,仕事終わってから空いてますか,clarification_required,100
ambiguous_datetime,仕事終わってからお願い,clarification_required,100
ambiguous_datetime,仕事終わってからで頼む,clarification_required,100
ambiguous_datetime,仕事終わってからで大丈夫,clarification_required,100
ambiguous_datetime,仕事終わってからで取れる？,clarification_required,100
ambiguous_datetime,遅い時間,clarification_required,100
ambiguous_datetime,遅い時間で,clarification_required,100
ambiguous_datetime,遅い時間がいい,clarification_required,100
ambiguous_datetime,遅い時間くらい,clarification_required,100
ambiguous_datetime,遅い時間あたり,clarification_required,100
ambiguous_datetime,遅い時間でお願いします,clarification_required,100
ambiguous_datetime,遅い時間で見て,clarification_required,100
ambiguous_datetime,遅い時間なら,clarification_required,100
ambiguous_datetime,遅い時間とか,clarification_required,100
ambiguous_datetime,遅い時間でいけますか,clarification_required,100
ambiguous_datetime,遅い時間空いてますか,clarification_required,100
ambiguous_datetime,遅い時間お願い,clarification_required,100
ambiguous_datetime,遅い時間で頼む,clarification_required,100
ambiguous_datetime,遅い時間で大丈夫,clarification_required,100
ambiguous_datetime,遅い時間で取れる？,clarification_required,100
ambiguous_datetime,早い時間,clarification_required,100
ambiguous_datetime,早い時間で,clarification_required,100
ambiguous_datetime,早い時間がいい,clarification_required,100
ambiguous_datetime,早い時間くらい,clarification_required,100
ambiguous_datetime,早い時間あたり,clarification_required,100
ambiguous_datetime,早い時間でお願いします,clarification_required,100
ambiguous_datetime,早い時間で見て,clarification_required,100
ambiguous_datetime,早い時間なら,clarification_required,100
ambiguous_datetime,早い時間とか,clarification_required,100
ambiguous_datetime,早い時間でいけますか,clarification_required,100
ambiguous_datetime,早い時間空いてますか,clarification_required,100
ambiguous_datetime,早い時間お願い,clarification_required,100
ambiguous_datetime,早い時間で頼む,clarification_required,100
ambiguous_datetime,早い時間で大丈夫,clarification_required,100
ambiguous_datetime,早い時間で取れる？,clarification_required,100
ambiguous_datetime,空きある時,clarification_required,100
ambiguous_datetime,空きある時で,clarification_required,100
ambiguous_datetime,空きある時がいい,clarification_required,100
ambiguous_datetime,空きある時くらい,clarification_required,100
ambiguous_datetime,空きある時あたり,clarification_required,100
ambiguous_datetime,空きある時でお願いします,clarification_required,100
ambiguous_datetime,空きある時で見て,clarification_required,100
ambiguous_datetime,空きある時なら,clarification_required,100
ambiguous_datetime,空きある時とか,clarification_required,100
ambiguous_datetime,空きある時でいけますか,clarification_required,100
ambiguous_datetime,空きある時空いてますか,clarification_required,100
ambiguous_datetime,空きある時お願い,clarification_required,100
ambiguous_datetime,空きある時で頼む,clarification_required,100
ambiguous_datetime,空きある時で大丈夫,clarification_required,100
ambiguous_datetime,空きある時で取れる？,clarification_required,100
ambiguous_datetime,適当に空いてる枠,clarification_required,100
ambiguous_datetime,適当に空いてる枠で,clarification_required,100
ambiguous_datetime,適当に空いてる枠がいい,clarification_required,100
