"intent","style","example"
"セラピスト空き確認","標準","今日誰が空いてますか"
"セラピスト空き確認","標準","今日誰が空いてますか。"
"セラピスト空き確認","標準","今日誰が空いてますか？"
"セラピスト空き確認","標準","今日誰が空いてますかお願いします"
"セラピスト空き確認","標準","今日誰が空いてますか教えて"
"セラピスト空き確認","標準","今日誰が空いてますか確認したいです"
"セラピスト空き確認","標準","今日誰が空いてますかだけ知りたいです"
"セラピスト空き確認","標準","今日誰が空いてますか先に聞きたいです"
"セラピスト空き確認","標準","今日誰が空いてますか空きだけ見たいです"
"セラピスト空き確認","標準","今日誰が空いてますか予約するかはあとで決めます"
"セラピスト空き確認","標準","今誰が空いてますか"
"セラピスト空き確認","標準","今誰が空いてますか。"
"セラピスト空き確認","標準","今誰が空いてますか？"
"セラピスト空き確認","標準","今誰が空いてますかお願いします"
"セラピスト空き確認","標準","今誰が空いてますか教えて"
"セラピスト空き確認","標準","今誰が空いてますか確認したいです"
"セラピスト空き確認","標準","今誰が空いてますかだけ知りたいです"
"セラピスト空き確認","標準","今誰が空いてますか先に聞きたいです"
"セラピスト空き確認","標準","今誰が空いてますか空きだけ見たいです"
"セラピスト空き確認","標準","今誰が空いてますか予約するかはあとで決めます"
"セラピスト空き確認","標準","今から誰が空いてますか"
"セラピスト空き確認","標準","今から誰が空いてますか。"
"セラピスト空き確認","標準","今から誰が空いてますか？"
"セラピスト空き確認","標準","今から誰が空いてますかお願いします"
"セラピスト空き確認","標準","今から誰が空いてますか教えて"
"セラピスト空き確認","標準","今から誰が空いてますか確認したいです"
"セラピスト空き確認","標準","今から誰が空いてますかだけ知りたいです"
"セラピスト空き確認","標準","今から誰が空いてますか先に聞きたいです"
"セラピスト空き確認","標準","今から誰が空いてますか空きだけ見たいです"
"セラピスト空き確認","標準","今から誰が空いてますか予約するかはあとで決めます"
"セラピスト空き確認","標準","この後誰が空いてますか"
"セラピスト空き確認","標準","この後誰が空いてますか。"
"セラピスト空き確認","標準","この後誰が空いてますか？"
"セラピスト空き確認","標準","この後誰が空いてますかお願いします"
"セラピスト空き確認","標準","この後誰が空いてますか教えて"
"セラピスト空き確認","標準","この後誰が空いてますか確認したいです"
"セラピスト空き確認","標準","この後誰が空いてますかだけ知りたいです"
"セラピスト空き確認","標準","この後誰が空いてますか先に聞きたいです"
"セラピスト空き確認","標準","この後誰が空いてますか空きだけ見たいです"
"セラピスト空き確認","標準","この後誰が空いてますか予約するかはあとで決めます"
"セラピスト空き確認","標準","夜誰が空いてますか"
"セラピスト空き確認","標準","夜誰が空いてますか。"
"セラピスト空き確認","標準","夜誰が空いてますか？"
"セラピスト空き確認","標準","夜誰が空いてますかお願いします"
"セラピスト空き確認","標準","夜誰が空いてますか教えて"
"セラピスト空き確認","標準","夜誰が空いてますか確認したいです"
"セラピスト空き確認","標準","夜誰が空いてますかだけ知りたいです"
"セラピスト空き確認","標準","夜誰が空いてますか先に聞きたいです"
"セラピスト空き確認","標準","夜誰が空いてますか空きだけ見たいです"
"セラピスト空き確認","標準","夜誰が空いてますか予約するかはあとで決めます"
"セラピスト空き確認","標準","20時くらい誰が空いてますか"
"セラピスト空き確認","標準","20時くらい誰が空いてますか。"
"セラピスト空き確認","標準","20時くらい誰が空いてますか？"
"セラピスト空き確認","標準","20時くらい誰が空いてますかお願いします"
"セラピスト空き確認","標準","20時くらい誰が空いてますか教えて"
"セラピスト空き確認","標準","20時くらい誰が空いてますか確認したいです"
"セラピスト空き確認","標準","20時くらい誰が空いてますかだけ知りたいです"
"セラピスト空き確認","標準","20時くらい誰が空いてますか先に聞きたいです"
"セラピスト空き確認","標準","20時くらい誰が空いてますか空きだけ見たいです"
"セラピスト空き確認","標準","20時くらい誰が空いてますか予約するかはあとで決めます"
"セラピスト空き確認","標準","21時くらい誰が空いてますか"
"セラピスト空き確認","標準","21時くらい誰が空いてますか。"
"セラピスト空き確認","標準","21時くらい誰が空いてますか？"
"セラピスト空き確認","標準","21時くらい誰が空いてますかお願いします"
"セラピスト空き確認","標準","21時くらい誰が空いてますか教えて"
"セラピスト空き確認","標準","21時くらい誰が空いてますか確認したいです"
"セラピスト空き確認","標準","21時くらい誰が空いてますかだけ知りたいです"
"セラピスト空き確認","標準","21時くらい誰が空いてますか先に聞きたいです"
"セラピスト空き確認","標準","21時くらい誰が空いてますか空きだけ見たいです"
"セラピスト空き確認","標準","21時くらい誰が空いてますか予約するかはあとで決めます"
"セラピスト空き確認","標準","22時くらい誰が空いてますか"
"セラピスト空き確認","標準","22時くらい誰が空いてますか。"
"セラピスト空き確認","標準","22時くらい誰が空いてますか？"
"セラピスト空き確認","標準","22時くらい誰が空いてますかお願いします"
"セラピスト空き確認","標準","22時くらい誰が空いてますか教えて"
"セラピスト空き確認","標準","22時くらい誰が空いてますか確認したいです"
"セラピスト空き確認","標準","22時くらい誰が空いてますかだけ知りたいです"
"セラピスト空き確認","標準","22時くらい誰が空いてますか先に聞きたいです"
"セラピスト空き確認","標準","22時くらい誰が空いてますか空きだけ見たいです"
"セラピスト空き確認","標準","22時くらい誰が空いてますか予約するかはあとで決めます"
"セラピスト空き確認","標準","深夜誰が空いてますか"
"セラピスト空き確認","標準","深夜誰が空いてますか。"
"セラピスト空き確認","標準","深夜誰が空いてますか？"
"セラピスト空き確認","標準","深夜誰が空いてますかお願いします"
"セラピスト空き確認","標準","深夜誰が空いてますか教えて"
"セラピスト空き確認","標準","深夜誰が空いてますか確認したいです"
"セラピスト空き確認","標準","深夜誰が空いてますかだけ知りたいです"
"セラピスト空き確認","標準","深夜誰が空いてますか先に聞きたいです"
"セラピスト空き確認","標準","深夜誰が空いてますか空きだけ見たいです"
"セラピスト空き確認","標準","深夜誰が空いてますか予約するかはあとで決めます"
"セラピスト空き確認","標準","明日誰が空いてますか"
"セラピスト空き確認","標準","明日誰が空いてますか。"
"セラピスト空き確認","標準","明日誰が空いてますか？"
"セラピスト空き確認","標準","明日誰が空いてますかお願いします"
"セラピスト空き確認","標準","明日誰が空いてますか教えて"
"セラピスト空き確認","標準","明日誰が空いてますか確認したいです"
"セラピスト空き確認","標準","明日誰が空いてますかだけ知りたいです"
"セラピスト空き確認","標準","明日誰が空いてますか先に聞きたいです"
"セラピスト空き確認","標準","明日誰が空いてますか空きだけ見たいです"
"セラピスト空き確認","標準","明日誰が空いてますか予約するかはあとで決めます"
"セラピスト空き確認","標準","週末誰が空いてますか"
"セラピスト空き確認","標準","週末誰が空いてますか。"
"セラピスト空き確認","標準","週末誰が空いてますか？"
"セラピスト空き確認","標準","週末誰が空いてますかお願いします"
"セラピスト空き確認","標準","週末誰が空いてますか教えて"
"セラピスト空き確認","標準","週末誰が空いてますか確認したいです"
"セラピスト空き確認","標準","週末誰が空いてますかだけ知りたいです"
"セラピスト空き確認","標準","週末誰が空いてますか先に聞きたいです"
"セラピスト空き確認","標準","週末誰が空いてますか空きだけ見たいです"
"セラピスト空き確認","標準","週末誰が空いてますか予約するかはあとで決めます"
"セラピスト空き確認","標準","これから誰が空いてますか"
"セラピスト空き確認","標準","これから誰が空いてますか。"
"セラピスト空き確認","標準","これから誰が空いてますか？"
"セラピスト空き確認","標準","これから誰が空いてますかお願いします"
"セラピスト空き確認","標準","これから誰が空いてますか教えて"
"セラピスト空き確認","標準","これから誰が空いてますか確認したいです"
"セラピスト空き確認","標準","これから誰が空いてますかだけ知りたいです"
"セラピスト空き確認","標準","これから誰が空いてますか先に聞きたいです"
"セラピスト空き確認","標準","これから誰が空いてますか空きだけ見たいです"
"セラピスト空き確認","標準","これから誰が空いてますか予約するかはあとで決めます"
"セラピスト空き確認","標準","すぐ誰が空いてますか"
"セラピスト空き確認","標準","すぐ誰が空いてますか。"
"セラピスト空き確認","標準","すぐ誰が空いてますか？"
"セラピスト空き確認","標準","すぐ誰が空いてますかお願いします"
"セラピスト空き確認","標準","すぐ誰が空いてますか教えて"
"セラピスト空き確認","標準","すぐ誰が空いてますか確認したいです"
"セラピスト空き確認","標準","すぐ誰が空いてますかだけ知りたいです"
"セラピスト空き確認","標準","すぐ誰が空いてますか先に聞きたいです"
"セラピスト空き確認","標準","すぐ誰が空いてますか空きだけ見たいです"
"セラピスト空き確認","標準","すぐ誰が空いてますか予約するかはあとで決めます"
"セラピスト空き確認","標準","ラスト枠で誰が空いてますか"
"セラピスト空き確認","標準","ラスト枠で誰が空いてますか。"
"セラピスト空き確認","標準","ラスト枠で誰が空いてますか？"
"セラピスト空き確認","標準","ラスト枠で誰が空いてますかお願いします"
"セラピスト空き確認","標準","ラスト枠で誰が空いてますか教えて"
"セラピスト空き確認","標準","ラスト枠で誰が空いてますか確認したいです"
"セラピスト空き確認","標準","ラスト枠で誰が空いてますかだけ知りたいです"
"セラピスト空き確認","標準","ラスト枠で誰が空いてますか先に聞きたいです"
"セラピスト空き確認","標準","ラスト枠で誰が空いてますか空きだけ見たいです"
"セラピスト空き確認","標準","ラスト枠で誰が空いてますか予約するかはあとで決めます"
"セラピスト空き確認","標準","誰が空いてますか"
"セラピスト空き確認","標準","誰が空いてますか。"
"セラピスト空き確認","標準","誰が空いてますか？"
"セラピスト空き確認","標準","誰が空いてますかお願いします"
"セラピスト空き確認","標準","誰が空いてますか教えて"
"セラピスト空き確認","標準","誰が空いてますか確認したいです"
"セラピスト空き確認","標準","誰が空いてますかだけ知りたいです"
"セラピスト空き確認","標準","誰が空いてますか先に聞きたいです"
"セラピスト空き確認","標準","誰が空いてますか空きだけ見たいです"
"セラピスト空き確認","標準","誰が空いてますか予約するかはあとで決めます"
"セラピスト空き確認","標準","今日空いてるセラピストさんいますか"
"セラピスト空き確認","標準","今日空いてるセラピストさんいますか。"
"セラピスト空き確認","標準","今日空いてるセラピストさんいますか？"
"セラピスト空き確認","標準","今日空いてるセラピストさんいますかお願いします"
"セラピスト空き確認","標準","今日空いてるセラピストさんいますか教えて"
"セラピスト空き確認","標準","今日空いてるセラピストさんいますか確認したいです"
"セラピスト空き確認","標準","今日空いてるセラピストさんいますかだけ知りたいです"
"セラピスト空き確認","標準","今日空いてるセラピストさんいますか先に聞きたいです"
"セラピスト空き確認","標準","今日空いてるセラピストさんいますか空きだけ見たいです"
"セラピスト空き確認","標準","今日空いてるセラピストさんいますか予約するかはあとで決めます"
"セラピスト空き確認","標準","今空いてるセラピストさんいますか"
"セラピスト空き確認","標準","今空いてるセラピストさんいますか。"
"セラピスト空き確認","標準","今空いてるセラピストさんいますか？"
"セラピスト空き確認","標準","今空いてるセラピストさんいますかお願いします"
"セラピスト空き確認","標準","今空いてるセラピストさんいますか教えて"
"セラピスト空き確認","標準","今空いてるセラピストさんいますか確認したいです"
"セラピスト空き確認","標準","今空いてるセラピストさんいますかだけ知りたいです"
"セラピスト空き確認","標準","今空いてるセラピストさんいますか先に聞きたいです"
"セラピスト空き確認","標準","今空いてるセラピストさんいますか空きだけ見たいです"
"セラピスト空き確認","標準","今空いてるセラピストさんいますか予約するかはあとで決めます"
"セラピスト空き確認","標準","今から空いてるセラピストさんいますか"
"セラピスト空き確認","標準","今から空いてるセラピストさんいますか。"
"セラピスト空き確認","標準","今から空いてるセラピストさんいますか？"
"セラピスト空き確認","標準","今から空いてるセラピストさんいますかお願いします"
"セラピスト空き確認","標準","今から空いてるセラピストさんいますか教えて"
"セラピスト空き確認","標準","今から空いてるセラピストさんいますか確認したいです"
"セラピスト空き確認","標準","今から空いてるセラピストさんいますかだけ知りたいです"
"セラピスト空き確認","標準","今から空いてるセラピストさんいますか先に聞きたいです"
"セラピスト空き確認","標準","今から空いてるセラピストさんいますか空きだけ見たいです"
"セラピスト空き確認","標準","今から空いてるセラピストさんいますか予約するかはあとで決めます"
"セラピスト空き確認","標準","この後空いてるセラピストさんいますか"
"セラピスト空き確認","標準","この後空いてるセラピストさんいますか。"
"セラピスト空き確認","標準","この後空いてるセラピストさんいますか？"
"セラピスト空き確認","標準","この後空いてるセラピストさんいますかお願いします"
"セラピスト空き確認","標準","この後空いてるセラピストさんいますか教えて"
"セラピスト空き確認","標準","この後空いてるセラピストさんいますか確認したいです"
"セラピスト空き確認","標準","この後空いてるセラピストさんいますかだけ知りたいです"
"セラピスト空き確認","標準","この後空いてるセラピストさんいますか先に聞きたいです"
"セラピスト空き確認","標準","この後空いてるセラピストさんいますか空きだけ見たいです"
"セラピスト空き確認","標準","この後空いてるセラピストさんいますか予約するかはあとで決めます"
"セラピスト空き確認","標準","夜空いてるセラピストさんいますか"
"セラピスト空き確認","標準","夜空いてるセラピストさんいますか。"
"セラピスト空き確認","標準","夜空いてるセラピストさんいますか？"
"セラピスト空き確認","標準","夜空いてるセラピストさんいますかお願いします"
"セラピスト空き確認","標準","夜空いてるセラピストさんいますか教えて"
"セラピスト空き確認","標準","夜空いてるセラピストさんいますか確認したいです"
"セラピスト空き確認","標準","夜空いてるセラピストさんいますかだけ知りたいです"
"セラピスト空き確認","標準","夜空いてるセラピストさんいますか先に聞きたいです"
"セラピスト空き確認","標準","夜空いてるセラピストさんいますか空きだけ見たいです"
"セラピスト空き確認","標準","夜空いてるセラピストさんいますか予約するかはあとで決めます"
"セラピスト空き確認","標準","20時くらい空いてるセラピストさんいますか"
"セラピスト空き確認","標準","20時くらい空いてるセラピストさんいますか。"
"セラピスト空き確認","標準","20時くらい空いてるセラピストさんいますか？"
"セラピスト空き確認","標準","20時くらい空いてるセラピストさんいますかお願いします"
"セラピスト空き確認","標準","20時くらい空いてるセラピストさんいますか教えて"
"セラピスト空き確認","標準","20時くらい空いてるセラピストさんいますか確認したいです"
"セラピスト空き確認","標準","20時くらい空いてるセラピストさんいますかだけ知りたいです"
"セラピスト空き確認","標準","20時くらい空いてるセラピストさんいますか先に聞きたいです"
"セラピスト空き確認","標準","20時くらい空いてるセラピストさんいますか空きだけ見たいです"
"セラピスト空き確認","標準","20時くらい空いてるセラピストさんいますか予約するかはあとで決めます"
"セラピスト空き確認","標準","21時くらい空いてるセラピストさんいますか"
"セラピスト空き確認","標準","21時くらい空いてるセラピストさんいますか。"
"セラピスト空き確認","標準","21時くらい空いてるセラピストさんいますか？"
"セラピスト空き確認","標準","21時くらい空いてるセラピストさんいますかお願いします"
"セラピスト空き確認","標準","21時くらい空いてるセラピストさんいますか教えて"
"セラピスト空き確認","標準","21時くらい空いてるセラピストさんいますか確認したいです"
"セラピスト空き確認","標準","21時くらい空いてるセラピストさんいますかだけ知りたいです"
"セラピスト空き確認","標準","21時くらい空いてるセラピストさんいますか先に聞きたいです"
"セラピスト空き確認","標準","21時くらい空いてるセラピストさんいますか空きだけ見たいです"
"セラピスト空き確認","標準","21時くらい空いてるセラピストさんいますか予約するかはあとで決めます"
"セラピスト空き確認","標準","22時くらい空いてるセラピストさんいますか"
"セラピスト空き確認","標準","22時くらい空いてるセラピストさんいますか。"
"セラピスト空き確認","標準","22時くらい空いてるセラピストさんいますか？"
"セラピスト空き確認","標準","22時くらい空いてるセラピストさんいますかお願いします"
"セラピスト空き確認","標準","22時くらい空いてるセラピストさんいますか教えて"
"セラピスト空き確認","標準","22時くらい空いてるセラピストさんいますか確認したいです"
"セラピスト空き確認","標準","22時くらい空いてるセラピストさんいますかだけ知りたいです"
"セラピスト空き確認","標準","22時くらい空いてるセラピストさんいますか先に聞きたいです"
"セラピスト空き確認","標準","22時くらい空いてるセラピストさんいますか空きだけ見たいです"
"セラピスト空き確認","標準","22時くらい空いてるセラピストさんいますか予約するかはあとで決めます"
"セラピスト空き確認","標準","深夜空いてるセラピストさんいますか"
"セラピスト空き確認","標準","深夜空いてるセラピストさんいますか。"
"セラピスト空き確認","標準","深夜空いてるセラピストさんいますか？"
"セラピスト空き確認","標準","深夜空いてるセラピストさんいますかお願いします"
"セラピスト空き確認","標準","深夜空いてるセラピストさんいますか教えて"
"セラピスト空き確認","標準","深夜空いてるセラピストさんいますか確認したいです"
"セラピスト空き確認","標準","深夜空いてるセラピストさんいますかだけ知りたいです"
"セラピスト空き確認","標準","深夜空いてるセラピストさんいますか先に聞きたいです"
"セラピスト空き確認","標準","深夜空いてるセラピストさんいますか空きだけ見たいです"
"セラピスト空き確認","標準","深夜空いてるセラピストさんいますか予約するかはあとで決めます"
"セラピスト空き確認","標準","明日空いてるセラピストさんいますか"
"セラピスト空き確認","標準","明日空いてるセラピストさんいますか。"
"セラピスト空き確認","標準","明日空いてるセラピストさんいますか？"
"セラピスト空き確認","標準","明日空いてるセラピストさんいますかお願いします"
"セラピスト空き確認","標準","明日空いてるセラピストさんいますか教えて"
"セラピスト空き確認","標準","明日空いてるセラピストさんいますか確認したいです"
"セラピスト空き確認","標準","明日空いてるセラピストさんいますかだけ知りたいです"
"セラピスト空き確認","標準","明日空いてるセラピストさんいますか先に聞きたいです"
"セラピスト空き確認","標準","明日空いてるセラピストさんいますか空きだけ見たいです"
"セラピスト空き確認","標準","明日空いてるセラピストさんいますか予約するかはあとで決めます"
"セラピスト空き確認","標準","週末空いてるセラピストさんいますか"
"セラピスト空き確認","標準","週末空いてるセラピストさんいますか。"
"セラピスト空き確認","標準","週末空いてるセラピストさんいますか？"
"セラピスト空き確認","標準","週末空いてるセラピストさんいますかお願いします"
"セラピスト空き確認","標準","週末空いてるセラピストさんいますか教えて"
"セラピスト空き確認","標準","週末空いてるセラピストさんいますか確認したいです"
"セラピスト空き確認","標準","週末空いてるセラピストさんいますかだけ知りたいです"
"セラピスト空き確認","標準","週末空いてるセラピストさんいますか先に聞きたいです"
"セラピスト空き確認","標準","週末空いてるセラピストさんいますか空きだけ見たいです"
"セラピスト空き確認","標準","週末空いてるセラピストさんいますか予約するかはあとで決めます"
"セラピスト空き確認","標準","これから空いてるセラピストさんいますか"
"セラピスト空き確認","標準","これから空いてるセラピストさんいますか。"
"セラピスト空き確認","標準","これから空いてるセラピストさんいますか？"
"セラピスト空き確認","標準","これから空いてるセラピストさんいますかお願いします"
"セラピスト空き確認","標準","これから空いてるセラピストさんいますか教えて"
"セラピスト空き確認","標準","これから空いてるセラピストさんいますか確認したいです"
"セラピスト空き確認","標準","これから空いてるセラピストさんいますかだけ知りたいです"
"セラピスト空き確認","標準","これから空いてるセラピストさんいますか先に聞きたいです"
"セラピスト空き確認","標準","これから空いてるセラピストさんいますか空きだけ見たいです"
"セラピスト空き確認","標準","これから空いてるセラピストさんいますか予約するかはあとで決めます"
"セラピスト空き確認","標準","すぐ空いてるセラピストさんいますか"
"セラピスト空き確認","標準","すぐ空いてるセラピストさんいますか。"
"セラピスト空き確認","標準","すぐ空いてるセラピストさんいますか？"
"セラピスト空き確認","標準","すぐ空いてるセラピストさんいますかお願いします"
"セラピスト空き確認","標準","すぐ空いてるセラピストさんいますか教えて"
"セラピスト空き確認","標準","すぐ空いてるセラピストさんいますか確認したいです"
"セラピスト空き確認","標準","すぐ空いてるセラピストさんいますかだけ知りたいです"
"セラピスト空き確認","標準","すぐ空いてるセラピストさんいますか先に聞きたいです"
"セラピスト空き確認","標準","すぐ空いてるセラピストさんいますか空きだけ見たいです"
"セラピスト空き確認","標準","すぐ空いてるセラピストさんいますか予約するかはあとで決めます"
"セラピスト空き確認","標準","ラスト枠で空いてるセラピストさんいますか"
"セラピスト空き確認","標準","ラスト枠で空いてるセラピストさんいますか。"
"セラピスト空き確認","標準","ラスト枠で空いてるセラピストさんいますか？"
"セラピスト空き確認","標準","ラスト枠で空いてるセラピストさんいますかお願いします"
"セラピスト空き確認","標準","ラスト枠で空いてるセラピストさんいますか教えて"
"セラピスト空き確認","標準","ラスト枠で空いてるセラピストさんいますか確認したいです"
"セラピスト空き確認","標準","ラスト枠で空いてるセラピストさんいますかだけ知りたいです"
"セラピスト空き確認","標準","ラスト枠で空いてるセラピストさんいますか先に聞きたいです"
"セラピスト空き確認","標準","ラスト枠で空いてるセラピストさんいますか空きだけ見たいです"
"セラピスト空き確認","標準","ラスト枠で空いてるセラピストさんいますか予約するかはあとで決めます"
"セラピスト空き確認","標準","空いてるセラピストさんいますか"
"セラピスト空き確認","標準","空いてるセラピストさんいますか。"
"セラピスト空き確認","標準","空いてるセラピストさんいますか？"
"セラピスト空き確認","標準","空いてるセラピストさんいますかお願いします"
"セラピスト空き確認","標準","空いてるセラピストさんいますか教えて"
"セラピスト空き確認","標準","空いてるセラピストさんいますか確認したいです"
"セラピスト空き確認","標準","空いてるセラピストさんいますかだけ知りたいです"
"セラピスト空き確認","標準","空いてるセラピストさんいますか先に聞きたいです"
"セラピスト空き確認","標準","空いてるセラピストさんいますか空きだけ見たいです"
"セラピスト空き確認","標準","空いてるセラピストさんいますか予約するかはあとで決めます"
