intent,utterance,expected_action,forbidden_action,priority
cancel_intent,キャンセルで,予約導線を終了する,selected_therapistへ保存しない,100
cancel_intent,やっぱやめます,予約導線を終了する,selected_therapistへ保存しない,100
cancel_intent,一旦大丈夫です,予約導線を終了する,selected_therapistへ保存しない,100
cancel_intent,キャンセルしといて,予約導線を終了する,selected_therapistへ保存しない,100
cancel_intent,予約キャンセル,予約導線を終了する,selected_therapistへ保存しない,100
cancel_intent,取り消してください,予約導線を終了する,selected_therapistへ保存しない,100
cancel_intent,もう予約いらない,予約導線を終了する,selected_therapistへ保存しない,100
cancel_intent,今日はやめとく,予約導線を終了する,selected_therapistへ保存しない,100
cancel_intent,やっぱなしで,予約導線を終了する,selected_therapistへ保存しない,100
cancel_intent,やめるわ,予約導線を終了する,selected_therapistへ保存しない,100
cancel_intent,やめますわ,予約導線を終了する,selected_therapistへ保存しない,100
cancel_intent,キャンセルお願い,予約導線を終了する,selected_therapistへ保存しない,100
cancel_intent,ごめんキャンセル,予約導線を終了する,selected_therapistへ保存しない,100
cancel_intent,一回白紙で,予約導線を終了する,selected_therapistへ保存しない,100
cancel_intent,やっぱキャンセル,予約導線を終了する,selected_therapistへ保存しない,100
cancel_intent,キャンセルです,予約導線を終了する,selected_therapistへ保存しない,100
cancel_intent,キャンセルお願いします,予約導線を終了する,selected_therapistへ保存しない,100
cancel_intent,キャンセルでいいです,予約導線を終了する,selected_therapistへ保存しない,100
cancel_intent,キャンセルかな,予約導線を終了する,selected_therapistへ保存しない,100
cancel_intent,キャンセルかも,予約導線を終了する,selected_therapistへ保存しない,100
cancel_intent,キャンセルわ,予約導線を終了する,selected_therapistへ保存しない,100
cancel_intent,キャンセルわー,予約導線を終了する,selected_therapistへ保存しない,100
cancel_intent,キャンセルっす,予約導線を終了する,selected_therapistへ保存しない,100
cancel_intent,キャンセルっすね,予約導線を終了する,selected_therapistへ保存しない,100
cancel_intent,キャンセルで頼む,予約導線を終了する,selected_therapistへ保存しない,100
cancel_intent,キャンセルでええ,予約導線を終了する,selected_therapistへ保存しない,100
cancel_intent,キャンセルして,予約導線を終了する,selected_therapistへ保存しない,100
cancel_intent,キャンセルしよかな,予約導線を終了する,selected_therapistへ保存しない,100
cancel_intent,キャンセルしようかな,予約導線を終了する,selected_therapistへ保存しない,100
cancel_intent,キャンセルで大丈夫,予約導線を終了する,selected_therapistへ保存しない,100
cancel_intent,キャンセルで大丈夫です,予約導線を終了する,selected_therapistへ保存しない,100
cancel_intent,やっぱやめるで,予約導線を終了する,selected_therapistへ保存しない,100
cancel_intent,やっぱやめるです,予約導線を終了する,selected_therapistへ保存しない,100
cancel_intent,やっぱやめるお願いします,予約導線を終了する,selected_therapistへ保存しない,100
cancel_intent,やっぱやめるでいいです,予約導線を終了する,selected_therapistへ保存しない,100
cancel_intent,やっぱやめるかな,予約導線を終了する,selected_therapistへ保存しない,100
cancel_intent,やっぱやめるかも,予約導線を終了する,selected_therapistへ保存しない,100
cancel_intent,やっぱやめるわ,予約導線を終了する,selected_therapistへ保存しない,100
cancel_intent,やっぱやめるわー,予約導線を終了する,selected_therapistへ保存しない,100
cancel_intent,やっぱやめるっす,予約導線を終了する,selected_therapistへ保存しない,100
cancel_intent,やっぱやめるっすね,予約導線を終了する,selected_therapistへ保存しない,100
cancel_intent,やっぱやめるで頼む,予約導線を終了する,selected_therapistへ保存しない,100
cancel_intent,やっぱやめるでええ,予約導線を終了する,selected_therapistへ保存しない,100
cancel_intent,やっぱやめるしといて,予約導線を終了する,selected_therapistへ保存しない,100
cancel_intent,やっぱやめるして,予約導線を終了する,selected_therapistへ保存しない,100
cancel_intent,やっぱやめるしよかな,予約導線を終了する,selected_therapistへ保存しない,100
cancel_intent,やっぱやめるしようかな,予約導線を終了する,selected_therapistへ保存しない,100
cancel_intent,やっぱやめるで大丈夫,予約導線を終了する,selected_therapistへ保存しない,100
cancel_intent,やっぱやめるで大丈夫です,予約導線を終了する,selected_therapistへ保存しない,100
cancel_intent,やめますで,予約導線を終了する,selected_therapistへ保存しない,100
cancel_intent,やめますです,予約導線を終了する,selected_therapistへ保存しない,100
cancel_intent,やめますお願いします,予約導線を終了する,selected_therapistへ保存しない,100
cancel_intent,やめますでいいです,予約導線を終了する,selected_therapistへ保存しない,100
cancel_intent,やめますかな,予約導線を終了する,selected_therapistへ保存しない,100
cancel_intent,やめますかも,予約導線を終了する,selected_therapistへ保存しない,100
cancel_intent,やめますわー,予約導線を終了する,selected_therapistへ保存しない,100
cancel_intent,やめますっす,予約導線を終了する,selected_therapistへ保存しない,100
cancel_intent,やめますっすね,予約導線を終了する,selected_therapistへ保存しない,100
cancel_intent,やめますで頼む,予約導線を終了する,selected_therapistへ保存しない,100
cancel_intent,やめますでええ,予約導線を終了する,selected_therapistへ保存しない,100
cancel_intent,やめますしといて,予約導線を終了する,selected_therapistへ保存しない,100
cancel_intent,やめますして,予約導線を終了する,selected_therapistへ保存しない,100
cancel_intent,やめますしよかな,予約導線を終了する,selected_therapistへ保存しない,100
cancel_intent,やめますしようかな,予約導線を終了する,selected_therapistへ保存しない,100
cancel_intent,やめますで大丈夫,予約導線を終了する,selected_therapistへ保存しない,100
cancel_intent,やめますで大丈夫です,予約導線を終了する,selected_therapistへ保存しない,100
cancel_intent,やめとくで,予約導線を終了する,selected_therapistへ保存しない,100
cancel_intent,やめとくです,予約導線を終了する,selected_therapistへ保存しない,100
cancel_intent,やめとくお願いします,予約導線を終了する,selected_therapistへ保存しない,100
cancel_intent,やめとくでいいです,予約導線を終了する,selected_therapistへ保存しない,100
cancel_intent,やめとくかな,予約導線を終了する,selected_therapistへ保存しない,100
cancel_intent,やめとくかも,予約導線を終了する,selected_therapistへ保存しない,100
cancel_intent,やめとくわ,予約導線を終了する,selected_therapistへ保存しない,100
cancel_intent,やめとくわー,予約導線を終了する,selected_therapistへ保存しない,100
cancel_intent,やめとくっす,予約導線を終了する,selected_therapistへ保存しない,100
cancel_intent,やめとくっすね,予約導線を終了する,selected_therapistへ保存しない,100
cancel_intent,やめとくで頼む,予約導線を終了する,selected_therapistへ保存しない,100
cancel_intent,やめとくでええ,予約導線を終了する,selected_therapistへ保存しない,100
cancel_intent,やめとくしといて,予約導線を終了する,selected_therapistへ保存しない,100
cancel_intent,やめとくして,予約導線を終了する,selected_therapistへ保存しない,100
cancel_intent,やめとくしよかな,予約導線を終了する,selected_therapistへ保存しない,100
cancel_intent,やめとくしようかな,予約導線を終了する,selected_therapistへ保存しない,100
cancel_intent,やめとくで大丈夫,予約導線を終了する,selected_therapistへ保存しない,100
cancel_intent,やめとくで大丈夫です,予約導線を終了する,selected_therapistへ保存しない,100
cancel_intent,やめときますで,予約導線を終了する,selected_therapistへ保存しない,100
cancel_intent,やめときますです,予約導線を終了する,selected_therapistへ保存しない,100
cancel_intent,やめときますお願いします,予約導線を終了する,selected_therapistへ保存しない,100
cancel_intent,やめときますでいいです,予約導線を終了する,selected_therapistへ保存しない,100
cancel_intent,やめときますかな,予約導線を終了する,selected_therapistへ保存しない,100
cancel_intent,やめときますかも,予約導線を終了する,selected_therapistへ保存しない,100
cancel_intent,やめときますわ,予約導線を終了する,selected_therapistへ保存しない,100
cancel_intent,やめときますわー,予約導線を終了する,selected_therapistへ保存しない,100
cancel_intent,やめときますっす,予約導線を終了する,selected_therapistへ保存しない,100
cancel_intent,やめときますっすね,予約導線を終了する,selected_therapistへ保存しない,100
cancel_intent,やめときますで頼む,予約導線を終了する,selected_therapistへ保存しない,100
cancel_intent,やめときますでええ,予約導線を終了する,selected_therapistへ保存しない,100
cancel_intent,やめときますしといて,予約導線を終了する,selected_therapistへ保存しない,100
cancel_intent,やめときますして,予約導線を終了する,selected_therapistへ保存しない,100
cancel_intent,やめときますしよかな,予約導線を終了する,selected_therapistへ保存しない,100
cancel_intent,やめときますしようかな,予約導線を終了する,selected_therapistへ保存しない,100
cancel_intent,やめときますで大丈夫,予約導線を終了する,selected_therapistへ保存しない,100
cancel_intent,やめときますで大丈夫です,予約導線を終了する,selected_therapistへ保存しない,100
cancel_intent,一旦大丈夫で,予約導線を終了する,selected_therapistへ保存しない,100
cancel_intent,一旦大丈夫お願いします,予約導線を終了する,selected_therapistへ保存しない,100
cancel_intent,一旦大丈夫でいいです,予約導線を終了する,selected_therapistへ保存しない,100
cancel_intent,一旦大丈夫かな,予約導線を終了する,selected_therapistへ保存しない,100
cancel_intent,一旦大丈夫かも,予約導線を終了する,selected_therapistへ保存しない,100
cancel_intent,一旦大丈夫わ,予約導線を終了する,selected_therapistへ保存しない,100
cancel_intent,一旦大丈夫わー,予約導線を終了する,selected_therapistへ保存しない,100
cancel_intent,一旦大丈夫っす,予約導線を終了する,selected_therapistへ保存しない,100
cancel_intent,一旦大丈夫っすね,予約導線を終了する,selected_therapistへ保存しない,100
cancel_intent,一旦大丈夫で頼む,予約導線を終了する,selected_therapistへ保存しない,100
cancel_intent,一旦大丈夫でええ,予約導線を終了する,selected_therapistへ保存しない,100
cancel_intent,一旦大丈夫しといて,予約導線を終了する,selected_therapistへ保存しない,100
cancel_intent,一旦大丈夫して,予約導線を終了する,selected_therapistへ保存しない,100
cancel_intent,一旦大丈夫しよかな,予約導線を終了する,selected_therapistへ保存しない,100
cancel_intent,一旦大丈夫しようかな,予約導線を終了する,selected_therapistへ保存しない,100
cancel_intent,一旦大丈夫で大丈夫,予約導線を終了する,selected_therapistへ保存しない,100
cancel_intent,一旦大丈夫で大丈夫です,予約導線を終了する,selected_therapistへ保存しない,100
cancel_intent,今日はいいで,予約導線を終了する,selected_therapistへ保存しない,100
cancel_intent,今日はいいです,予約導線を終了する,selected_therapistへ保存しない,100
cancel_intent,今日はいいお願いします,予約導線を終了する,selected_therapistへ保存しない,100
cancel_intent,今日はいいでいいです,予約導線を終了する,selected_therapistへ保存しない,100
cancel_intent,今日はいいかな,予約導線を終了する,selected_therapistへ保存しない,100
cancel_intent,今日はいいかも,予約導線を終了する,selected_therapistへ保存しない,100
cancel_intent,今日はいいわ,予約導線を終了する,selected_therapistへ保存しない,100
cancel_intent,今日はいいわー,予約導線を終了する,selected_therapistへ保存しない,100
cancel_intent,今日はいいっす,予約導線を終了する,selected_therapistへ保存しない,100
cancel_intent,今日はいいっすね,予約導線を終了する,selected_therapistへ保存しない,100
cancel_intent,今日はいいで頼む,予約導線を終了する,selected_therapistへ保存しない,100
cancel_intent,今日はいいでええ,予約導線を終了する,selected_therapistへ保存しない,100
cancel_intent,今日はいいしといて,予約導線を終了する,selected_therapistへ保存しない,100
cancel_intent,今日はいいして,予約導線を終了する,selected_therapistへ保存しない,100
cancel_intent,今日はいいしよかな,予約導線を終了する,selected_therapistへ保存しない,100
cancel_intent,今日はいいしようかな,予約導線を終了する,selected_therapistへ保存しない,100
cancel_intent,今日はいいで大丈夫,予約導線を終了する,selected_therapistへ保存しない,100
cancel_intent,今日はいいで大丈夫です,予約導線を終了する,selected_therapistへ保存しない,100
cancel_intent,今回はいいで,予約導線を終了する,selected_therapistへ保存しない,100
cancel_intent,今回はいいです,予約導線を終了する,selected_therapistへ保存しない,100
cancel_intent,今回はいいお願いします,予約導線を終了する,selected_therapistへ保存しない,100
cancel_intent,今回はいいでいいです,予約導線を終了する,selected_therapistへ保存しない,100
cancel_intent,今回はいいかな,予約導線を終了する,selected_therapistへ保存しない,100
cancel_intent,今回はいいかも,予約導線を終了する,selected_therapistへ保存しない,100
cancel_intent,今回はいいわ,予約導線を終了する,selected_therapistへ保存しない,100
cancel_intent,今回はいいわー,予約導線を終了する,selected_therapistへ保存しない,100
cancel_intent,今回はいいっす,予約導線を終了する,selected_therapistへ保存しない,100
cancel_intent,今回はいいっすね,予約導線を終了する,selected_therapistへ保存しない,100
cancel_intent,今回はいいで頼む,予約導線を終了する,selected_therapistへ保存しない,100
cancel_intent,今回はいいでええ,予約導線を終了する,selected_therapistへ保存しない,100
cancel_intent,今回はいいしといて,予約導線を終了する,selected_therapistへ保存しない,100
cancel_intent,今回はいいして,予約導線を終了する,selected_therapistへ保存しない,100
cancel_intent,今回はいいしよかな,予約導線を終了する,selected_therapistへ保存しない,100
cancel_intent,今回はいいしようかな,予約導線を終了する,selected_therapistへ保存しない,100
cancel_intent,今回はいいで大丈夫,予約導線を終了する,selected_therapistへ保存しない,100
cancel_intent,今回はいいで大丈夫です,予約導線を終了する,selected_therapistへ保存しない,100
cancel_intent,なしでで,予約導線を終了する,selected_therapistへ保存しない,100
cancel_intent,なしでです,予約導線を終了する,selected_therapistへ保存しない,100
cancel_intent,なしでお願いします,予約導線を終了する,selected_therapistへ保存しない,100
cancel_intent,なしででいいです,予約導線を終了する,selected_therapistへ保存しない,100
cancel_intent,なしでかな,予約導線を終了する,selected_therapistへ保存しない,100
cancel_intent,なしでかも,予約導線を終了する,selected_therapistへ保存しない,100
cancel_intent,なしでわ,予約導線を終了する,selected_therapistへ保存しない,100
cancel_intent,なしでわー,予約導線を終了する,selected_therapistへ保存しない,100
cancel_intent,なしでっす,予約導線を終了する,selected_therapistへ保存しない,100
cancel_intent,なしでっすね,予約導線を終了する,selected_therapistへ保存しない,100
cancel_intent,なしでで頼む,予約導線を終了する,selected_therapistへ保存しない,100
cancel_intent,なしででええ,予約導線を終了する,selected_therapistへ保存しない,100
cancel_intent,なしでしといて,予約導線を終了する,selected_therapistへ保存しない,100
cancel_intent,なしでして,予約導線を終了する,selected_therapistへ保存しない,100
cancel_intent,なしでしよかな,予約導線を終了する,selected_therapistへ保存しない,100
cancel_intent,なしでしようかな,予約導線を終了する,selected_therapistへ保存しない,100
cancel_intent,なしでで大丈夫,予約導線を終了する,selected_therapistへ保存しない,100
cancel_intent,なしでで大丈夫です,予約導線を終了する,selected_therapistへ保存しない,100
cancel_intent,取り消しで,予約導線を終了する,selected_therapistへ保存しない,100
cancel_intent,取り消しです,予約導線を終了する,selected_therapistへ保存しない,100
cancel_intent,取り消しお願いします,予約導線を終了する,selected_therapistへ保存しない,100
cancel_intent,取り消しでいいです,予約導線を終了する,selected_therapistへ保存しない,100
cancel_intent,取り消しかな,予約導線を終了する,selected_therapistへ保存しない,100
cancel_intent,取り消しかも,予約導線を終了する,selected_therapistへ保存しない,100
cancel_intent,取り消しわ,予約導線を終了する,selected_therapistへ保存しない,100
cancel_intent,取り消しわー,予約導線を終了する,selected_therapistへ保存しない,100
cancel_intent,取り消しっす,予約導線を終了する,selected_therapistへ保存しない,100
cancel_intent,取り消しっすね,予約導線を終了する,selected_therapistへ保存しない,100
cancel_intent,取り消しで頼む,予約導線を終了する,selected_therapistへ保存しない,100
cancel_intent,取り消しでええ,予約導線を終了する,selected_therapistへ保存しない,100
cancel_intent,取り消ししといて,予約導線を終了する,selected_therapistへ保存しない,100
cancel_intent,取り消しして,予約導線を終了する,selected_therapistへ保存しない,100
cancel_intent,取り消ししよかな,予約導線を終了する,selected_therapistへ保存しない,100
cancel_intent,取り消ししようかな,予約導線を終了する,selected_therapistへ保存しない,100
cancel_intent,取り消しで大丈夫,予約導線を終了する,selected_therapistへ保存しない,100
cancel_intent,取り消しで大丈夫です,予約導線を終了する,selected_therapistへ保存しない,100
cancel_intent,白紙でで,予約導線を終了する,selected_therapistへ保存しない,100
cancel_intent,白紙でです,予約導線を終了する,selected_therapistへ保存しない,100
cancel_intent,白紙でお願いします,予約導線を終了する,selected_therapistへ保存しない,100
cancel_intent,白紙ででいいです,予約導線を終了する,selected_therapistへ保存しない,100
cancel_intent,白紙でかな,予約導線を終了する,selected_therapistへ保存しない,100
cancel_intent,白紙でかも,予約導線を終了する,selected_therapistへ保存しない,100
cancel_intent,白紙でわ,予約導線を終了する,selected_therapistへ保存しない,100
cancel_intent,白紙でわー,予約導線を終了する,selected_therapistへ保存しない,100
cancel_intent,白紙でっす,予約導線を終了する,selected_therapistへ保存しない,100
cancel_intent,白紙でっすね,予約導線を終了する,selected_therapistへ保存しない,100
cancel_intent,白紙でで頼む,予約導線を終了する,selected_therapistへ保存しない,100
cancel_intent,白紙ででええ,予約導線を終了する,selected_therapistへ保存しない,100
cancel_intent,白紙でしといて,予約導線を終了する,selected_therapistへ保存しない,100
cancel_intent,白紙でして,予約導線を終了する,selected_therapistへ保存しない,100
cancel_intent,白紙でしよかな,予約導線を終了する,selected_therapistへ保存しない,100
cancel_intent,白紙でしようかな,予約導線を終了する,selected_therapistへ保存しない,100
cancel_intent,白紙でで大丈夫,予約導線を終了する,selected_therapistへ保存しない,100
cancel_intent,白紙でで大丈夫です,予約導線を終了する,selected_therapistへ保存しない,100
cancel_intent,やっぱなしです,予約導線を終了する,selected_therapistへ保存しない,100
cancel_intent,やっぱなしお願いします,予約導線を終了する,selected_therapistへ保存しない,100
cancel_intent,やっぱなしでいいです,予約導線を終了する,selected_therapistへ保存しない,100
cancel_intent,やっぱなしかな,予約導線を終了する,selected_therapistへ保存しない,100
cancel_intent,やっぱなしかも,予約導線を終了する,selected_therapistへ保存しない,100
cancel_intent,やっぱなしわ,予約導線を終了する,selected_therapistへ保存しない,100
cancel_intent,やっぱなしわー,予約導線を終了する,selected_therapistへ保存しない,100
cancel_intent,やっぱなしっす,予約導線を終了する,selected_therapistへ保存しない,100
cancel_intent,やっぱなしっすね,予約導線を終了する,selected_therapistへ保存しない,100
cancel_intent,やっぱなしで頼む,予約導線を終了する,selected_therapistへ保存しない,100
cancel_intent,やっぱなしでええ,予約導線を終了する,selected_therapistへ保存しない,100
cancel_intent,やっぱなししといて,予約導線を終了する,selected_therapistへ保存しない,100
cancel_intent,やっぱなしして,予約導線を終了する,selected_therapistへ保存しない,100
cancel_intent,やっぱなししよかな,予約導線を終了する,selected_therapistへ保存しない,100
cancel_intent,やっぱなししようかな,予約導線を終了する,selected_therapistへ保存しない,100
cancel_intent,やっぱなしで大丈夫,予約導線を終了する,selected_therapistへ保存しない,100
cancel_intent,やっぱなしで大丈夫です,予約導線を終了する,selected_therapistへ保存しない,100
cancel_intent,もうええわで,予約導線を終了する,selected_therapistへ保存しない,100
cancel_intent,もうええわです,予約導線を終了する,selected_therapistへ保存しない,100
cancel_intent,もうええわお願いします,予約導線を終了する,selected_therapistへ保存しない,100
cancel_intent,もうええわでいいです,予約導線を終了する,selected_therapistへ保存しない,100
cancel_intent,もうええわかな,予約導線を終了する,selected_therapistへ保存しない,100
cancel_intent,もうええわかも,予約導線を終了する,selected_therapistへ保存しない,100
cancel_intent,もうええわわ,予約導線を終了する,selected_therapistへ保存しない,100
cancel_intent,もうええわわー,予約導線を終了する,selected_therapistへ保存しない,100
cancel_intent,もうええわっす,予約導線を終了する,selected_therapistへ保存しない,100
cancel_intent,もうええわっすね,予約導線を終了する,selected_therapistへ保存しない,100
cancel_intent,もうええわで頼む,予約導線を終了する,selected_therapistへ保存しない,100
cancel_intent,もうええわでええ,予約導線を終了する,selected_therapistへ保存しない,100
cancel_intent,もうええわしといて,予約導線を終了する,selected_therapistへ保存しない,100
cancel_intent,もうええわして,予約導線を終了する,selected_therapistへ保存しない,100
cancel_intent,もうええわしよかな,予約導線を終了する,selected_therapistへ保存しない,100
cancel_intent,もうええわしようかな,予約導線を終了する,selected_therapistへ保存しない,100
cancel_intent,もうええわで大丈夫,予約導線を終了する,selected_therapistへ保存しない,100
cancel_intent,もうええわで大丈夫です,予約導線を終了する,selected_therapistへ保存しない,100
cancel_intent,もういいですで,予約導線を終了する,selected_therapistへ保存しない,100
cancel_intent,もういいですです,予約導線を終了する,selected_therapistへ保存しない,100
cancel_intent,もういいですお願いします,予約導線を終了する,selected_therapistへ保存しない,100
cancel_intent,もういいですでいいです,予約導線を終了する,selected_therapistへ保存しない,100
cancel_intent,もういいですかな,予約導線を終了する,selected_therapistへ保存しない,100
cancel_intent,もういいですかも,予約導線を終了する,selected_therapistへ保存しない,100
cancel_intent,もういいですわ,予約導線を終了する,selected_therapistへ保存しない,100
cancel_intent,もういいですわー,予約導線を終了する,selected_therapistへ保存しない,100
cancel_intent,もういいですっす,予約導線を終了する,selected_therapistへ保存しない,100
cancel_intent,もういいですっすね,予約導線を終了する,selected_therapistへ保存しない,100
cancel_intent,もういいですで頼む,予約導線を終了する,selected_therapistへ保存しない,100
cancel_intent,もういいですでええ,予約導線を終了する,selected_therapistへ保存しない,100
cancel_intent,もういいですしといて,予約導線を終了する,selected_therapistへ保存しない,100
cancel_intent,もういいですして,予約導線を終了する,selected_therapistへ保存しない,100
cancel_intent,もういいですしよかな,予約導線を終了する,selected_therapistへ保存しない,100
cancel_intent,もういいですしようかな,予約導線を終了する,selected_therapistへ保存しない,100
cancel_intent,もういいですで大丈夫,予約導線を終了する,selected_therapistへ保存しない,100
cancel_intent,もういいですで大丈夫です,予約導線を終了する,selected_therapistへ保存しない,100
cancel_intent,いったんやめるで,予約導線を終了する,selected_therapistへ保存しない,100
cancel_intent,いったんやめるです,予約導線を終了する,selected_therapistへ保存しない,100
cancel_intent,いったんやめるお願いします,予約導線を終了する,selected_therapistへ保存しない,100
cancel_intent,いったんやめるでいいです,予約導線を終了する,selected_therapistへ保存しない,100
cancel_intent,いったんやめるかな,予約導線を終了する,selected_therapistへ保存しない,100
cancel_intent,いったんやめるかも,予約導線を終了する,selected_therapistへ保存しない,100
cancel_intent,いったんやめるわ,予約導線を終了する,selected_therapistへ保存しない,100
cancel_intent,いったんやめるわー,予約導線を終了する,selected_therapistへ保存しない,100
cancel_intent,いったんやめるっす,予約導線を終了する,selected_therapistへ保存しない,100
cancel_intent,いったんやめるっすね,予約導線を終了する,selected_therapistへ保存しない,100
cancel_intent,いったんやめるで頼む,予約導線を終了する,selected_therapistへ保存しない,100
cancel_intent,いったんやめるでええ,予約導線を終了する,selected_therapistへ保存しない,100
cancel_intent,いったんやめるしといて,予約導線を終了する,selected_therapistへ保存しない,100
cancel_intent,いったんやめるして,予約導線を終了する,selected_therapistへ保存しない,100
cancel_intent,いったんやめるしよかな,予約導線を終了する,selected_therapistへ保存しない,100
cancel_intent,いったんやめるしようかな,予約導線を終了する,selected_therapistへ保存しない,100
cancel_intent,いったんやめるで大丈夫,予約導線を終了する,selected_therapistへ保存しない,100
cancel_intent,いったんやめるで大丈夫です,予約導線を終了する,selected_therapistへ保存しない,100
cancel_intent,予約せんでいいで,予約導線を終了する,selected_therapistへ保存しない,100
cancel_intent,予約せんでいいです,予約導線を終了する,selected_therapistへ保存しない,100
cancel_intent,予約せんでいいお願いします,予約導線を終了する,selected_therapistへ保存しない,100
cancel_intent,予約せんでいいでいいです,予約導線を終了する,selected_therapistへ保存しない,100
cancel_intent,予約せんでいいかな,予約導線を終了する,selected_therapistへ保存しない,100
cancel_intent,予約せんでいいかも,予約導線を終了する,selected_therapistへ保存しない,100
cancel_intent,予約せんでいいわ,予約導線を終了する,selected_therapistへ保存しない,100
cancel_intent,予約せんでいいわー,予約導線を終了する,selected_therapistへ保存しない,100
cancel_intent,予約せんでいいっす,予約導線を終了する,selected_therapistへ保存しない,100
cancel_intent,予約せんでいいっすね,予約導線を終了する,selected_therapistへ保存しない,100
cancel_intent,予約せんでいいで頼む,予約導線を終了する,selected_therapistへ保存しない,100
cancel_intent,予約せんでいいでええ,予約導線を終了する,selected_therapistへ保存しない,100
cancel_intent,予約せんでいいしといて,予約導線を終了する,selected_therapistへ保存しない,100
cancel_intent,予約せんでいいして,予約導線を終了する,selected_therapistへ保存しない,100
cancel_intent,予約せんでいいしよかな,予約導線を終了する,selected_therapistへ保存しない,100
cancel_intent,予約せんでいいしようかな,予約導線を終了する,selected_therapistへ保存しない,100
cancel_intent,予約せんでいいで大丈夫,予約導線を終了する,selected_therapistへ保存しない,100
cancel_intent,予約せんでいいで大丈夫です,予約導線を終了する,selected_therapistへ保存しない,100
cancel_intent,予約いらないで,予約導線を終了する,selected_therapistへ保存しない,100
cancel_intent,予約いらないです,予約導線を終了する,selected_therapistへ保存しない,100
cancel_intent,予約いらないお願いします,予約導線を終了する,selected_therapistへ保存しない,100
cancel_intent,予約いらないでいいです,予約導線を終了する,selected_therapistへ保存しない,100
cancel_intent,予約いらないかな,予約導線を終了する,selected_therapistへ保存しない,100
cancel_intent,予約いらないかも,予約導線を終了する,selected_therapistへ保存しない,100
cancel_intent,予約いらないわ,予約導線を終了する,selected_therapistへ保存しない,100
cancel_intent,予約いらないわー,予約導線を終了する,selected_therapistへ保存しない,100
cancel_intent,予約いらないっす,予約導線を終了する,selected_therapistへ保存しない,100
cancel_intent,予約いらないっすね,予約導線を終了する,selected_therapistへ保存しない,100
cancel_intent,予約いらないで頼む,予約導線を終了する,selected_therapistへ保存しない,100
cancel_intent,予約いらないでええ,予約導線を終了する,selected_therapistへ保存しない,100
cancel_intent,予約いらないしといて,予約導線を終了する,selected_therapistへ保存しない,100
cancel_intent,予約いらないして,予約導線を終了する,selected_therapistへ保存しない,100
cancel_intent,予約いらないしよかな,予約導線を終了する,selected_therapistへ保存しない,100
cancel_intent,予約いらないしようかな,予約導線を終了する,selected_therapistへ保存しない,100
cancel_intent,予約いらないで大丈夫,予約導線を終了する,selected_therapistへ保存しない,100
cancel_intent,予約いらないで大丈夫です,予約導線を終了する,selected_therapistへ保存しない,100
cancel_intent,切っていいで,予約導線を終了する,selected_therapistへ保存しない,100
cancel_intent,切っていいです,予約導線を終了する,selected_therapistへ保存しない,100
cancel_intent,切っていいお願いします,予約導線を終了する,selected_therapistへ保存しない,100
cancel_intent,切っていいでいいです,予約導線を終了する,selected_therapistへ保存しない,100
referral_intent,紹介なんだけど,紹介者名を聞く,日時確認へ進まない,90
referral_intent,友達に聞いて,紹介者名を聞く,日時確認へ進まない,90
referral_intent,友達から紹介で,紹介者名を聞く,日時確認へ進まない,90
referral_intent,知り合いの紹介です,紹介者名を聞く,日時確認へ進まない,90
referral_intent,紹介で来ました,紹介者名を聞く,日時確認へ進まない,90
referral_intent,紹介の名前言えばいい？,紹介者名を聞く,日時確認へ進まない,90
referral_intent,ツレに聞いたんやけど,紹介者名を聞く,日時確認へ進まない,90
referral_intent,先輩から聞いた,紹介者名を聞く,日時確認へ進まない,90
referral_intent,紹介割あるって聞いて,紹介者名を聞く,日時確認へ進まない,90
referral_intent,誰の紹介って言えばいい？,紹介者名を聞く,日時確認へ進まない,90
referral_intent,紹介,紹介者名を聞く,日時確認へ進まない,90
referral_intent,紹介です,紹介者名を聞く,日時確認へ進まない,90
referral_intent,紹介なんやけど,紹介者名を聞く,日時確認へ進まない,90
referral_intent,紹介なんすけど,紹介者名を聞く,日時確認へ進まない,90
referral_intent,紹介で,紹介者名を聞く,日時確認へ進まない,90
referral_intent,紹介でして,紹介者名を聞く,日時確認へ進まない,90
referral_intent,紹介っす,紹介者名を聞く,日時確認へ進まない,90
referral_intent,紹介ばい,紹介者名を聞く,日時確認へ進まない,90
referral_intent,紹介たい,紹介者名を聞く,日時確認へ進まない,90
referral_intent,紹介やけん,紹介者名を聞く,日時確認へ進まない,90
referral_intent,紹介で電話しました,紹介者名を聞く,日時確認へ進まない,90
referral_intent,紹介って聞いた,紹介者名を聞く,日時確認へ進まない,90
referral_intent,紹介って言われた,紹介者名を聞く,日時確認へ進まない,90
referral_intent,紹介の件です,紹介者名を聞く,日時確認へ進まない,90
referral_intent,紹介でお願いしたい,紹介者名を聞く,日時確認へ進まない,90
referral_intent,友達に聞いてです,紹介者名を聞く,日時確認へ進まない,90
referral_intent,友達に聞いてなんだけど,紹介者名を聞く,日時確認へ進まない,90
referral_intent,友達に聞いてなんやけど,紹介者名を聞く,日時確認へ進まない,90
referral_intent,友達に聞いてなんすけど,紹介者名を聞く,日時確認へ進まない,90
referral_intent,友達に聞いてで,紹介者名を聞く,日時確認へ進まない,90
referral_intent,友達に聞いてでして,紹介者名を聞く,日時確認へ進まない,90
referral_intent,友達に聞いてっす,紹介者名を聞く,日時確認へ進まない,90
referral_intent,友達に聞いてばい,紹介者名を聞く,日時確認へ進まない,90
referral_intent,友達に聞いてたい,紹介者名を聞く,日時確認へ進まない,90
referral_intent,友達に聞いてやけん,紹介者名を聞く,日時確認へ進まない,90
referral_intent,友達に聞いてで電話しました,紹介者名を聞く,日時確認へ進まない,90
referral_intent,友達に聞いてって聞いた,紹介者名を聞く,日時確認へ進まない,90
referral_intent,友達に聞いてって言われた,紹介者名を聞く,日時確認へ進まない,90
referral_intent,友達に聞いての件です,紹介者名を聞く,日時確認へ進まない,90
referral_intent,友達に聞いてでお願いしたい,紹介者名を聞く,日時確認へ進まない,90
referral_intent,友達から聞いて,紹介者名を聞く,日時確認へ進まない,90
referral_intent,友達から聞いてです,紹介者名を聞く,日時確認へ進まない,90
referral_intent,友達から聞いてなんだけど,紹介者名を聞く,日時確認へ進まない,90
referral_intent,友達から聞いてなんやけど,紹介者名を聞く,日時確認へ進まない,90
referral_intent,友達から聞いてなんすけど,紹介者名を聞く,日時確認へ進まない,90
referral_intent,友達から聞いてで,紹介者名を聞く,日時確認へ進まない,90
referral_intent,友達から聞いてでして,紹介者名を聞く,日時確認へ進まない,90
referral_intent,友達から聞いてっす,紹介者名を聞く,日時確認へ進まない,90
referral_intent,友達から聞いてばい,紹介者名を聞く,日時確認へ進まない,90
referral_intent,友達から聞いてたい,紹介者名を聞く,日時確認へ進まない,90
referral_intent,友達から聞いてやけん,紹介者名を聞く,日時確認へ進まない,90
referral_intent,友達から聞いてで電話しました,紹介者名を聞く,日時確認へ進まない,90
referral_intent,友達から聞いてって聞いた,紹介者名を聞く,日時確認へ進まない,90
referral_intent,友達から聞いてって言われた,紹介者名を聞く,日時確認へ進まない,90
referral_intent,友達から聞いての件です,紹介者名を聞く,日時確認へ進まない,90
referral_intent,友達から聞いてでお願いしたい,紹介者名を聞く,日時確認へ進まない,90
referral_intent,知り合いから聞いて,紹介者名を聞く,日時確認へ進まない,90
referral_intent,知り合いから聞いてです,紹介者名を聞く,日時確認へ進まない,90
referral_intent,知り合いから聞いてなんだけど,紹介者名を聞く,日時確認へ進まない,90
referral_intent,知り合いから聞いてなんやけど,紹介者名を聞く,日時確認へ進まない,90
referral_intent,知り合いから聞いてなんすけど,紹介者名を聞く,日時確認へ進まない,90
referral_intent,知り合いから聞いてで,紹介者名を聞く,日時確認へ進まない,90
referral_intent,知り合いから聞いてでして,紹介者名を聞く,日時確認へ進まない,90
referral_intent,知り合いから聞いてっす,紹介者名を聞く,日時確認へ進まない,90
referral_intent,知り合いから聞いてばい,紹介者名を聞く,日時確認へ進まない,90
referral_intent,知り合いから聞いてたい,紹介者名を聞く,日時確認へ進まない,90
referral_intent,知り合いから聞いてやけん,紹介者名を聞く,日時確認へ進まない,90
referral_intent,知り合いから聞いてで電話しました,紹介者名を聞く,日時確認へ進まない,90
referral_intent,知り合いから聞いてって聞いた,紹介者名を聞く,日時確認へ進まない,90
referral_intent,知り合いから聞いてって言われた,紹介者名を聞く,日時確認へ進まない,90
referral_intent,知り合いから聞いての件です,紹介者名を聞く,日時確認へ進まない,90
referral_intent,知り合いから聞いてでお願いしたい,紹介者名を聞く,日時確認へ進まない,90
referral_intent,先輩に聞いて,紹介者名を聞く,日時確認へ進まない,90
referral_intent,先輩に聞いてです,紹介者名を聞く,日時確認へ進まない,90
referral_intent,先輩に聞いてなんだけど,紹介者名を聞く,日時確認へ進まない,90
referral_intent,先輩に聞いてなんやけど,紹介者名を聞く,日時確認へ進まない,90
referral_intent,先輩に聞いてなんすけど,紹介者名を聞く,日時確認へ進まない,90
referral_intent,先輩に聞いてで,紹介者名を聞く,日時確認へ進まない,90
referral_intent,先輩に聞いてでして,紹介者名を聞く,日時確認へ進まない,90
referral_intent,先輩に聞いてっす,紹介者名を聞く,日時確認へ進まない,90
referral_intent,先輩に聞いてばい,紹介者名を聞く,日時確認へ進まない,90
referral_intent,先輩に聞いてたい,紹介者名を聞く,日時確認へ進まない,90
referral_intent,先輩に聞いてやけん,紹介者名を聞く,日時確認へ進まない,90
referral_intent,先輩に聞いてで電話しました,紹介者名を聞く,日時確認へ進まない,90
referral_intent,先輩に聞いてって聞いた,紹介者名を聞く,日時確認へ進まない,90
referral_intent,先輩に聞いてって言われた,紹介者名を聞く,日時確認へ進まない,90
referral_intent,先輩に聞いての件です,紹介者名を聞く,日時確認へ進まない,90
referral_intent,先輩に聞いてでお願いしたい,紹介者名を聞く,日時確認へ進まない,90
referral_intent,後輩に聞いて,紹介者名を聞く,日時確認へ進まない,90
referral_intent,後輩に聞いてです,紹介者名を聞く,日時確認へ進まない,90
referral_intent,後輩に聞いてなんだけど,紹介者名を聞く,日時確認へ進まない,90
referral_intent,後輩に聞いてなんやけど,紹介者名を聞く,日時確認へ進まない,90
referral_intent,後輩に聞いてなんすけど,紹介者名を聞く,日時確認へ進まない,90
referral_intent,後輩に聞いてで,紹介者名を聞く,日時確認へ進まない,90
referral_intent,後輩に聞いてでして,紹介者名を聞く,日時確認へ進まない,90
referral_intent,後輩に聞いてっす,紹介者名を聞く,日時確認へ進まない,90
referral_intent,後輩に聞いてばい,紹介者名を聞く,日時確認へ進まない,90
referral_intent,後輩に聞いてたい,紹介者名を聞く,日時確認へ進まない,90
referral_intent,後輩に聞いてやけん,紹介者名を聞く,日時確認へ進まない,90
referral_intent,後輩に聞いてで電話しました,紹介者名を聞く,日時確認へ進まない,90
referral_intent,後輩に聞いてって聞いた,紹介者名を聞く,日時確認へ進まない,90
referral_intent,後輩に聞いてって言われた,紹介者名を聞く,日時確認へ進まない,90
referral_intent,後輩に聞いての件です,紹介者名を聞く,日時確認へ進まない,90
referral_intent,後輩に聞いてでお願いしたい,紹介者名を聞く,日時確認へ進まない,90
referral_intent,同僚から聞いて,紹介者名を聞く,日時確認へ進まない,90
referral_intent,同僚から聞いてです,紹介者名を聞く,日時確認へ進まない,90
referral_intent,同僚から聞いてなんだけど,紹介者名を聞く,日時確認へ進まない,90
referral_intent,同僚から聞いてなんやけど,紹介者名を聞く,日時確認へ進まない,90
referral_intent,同僚から聞いてなんすけど,紹介者名を聞く,日時確認へ進まない,90
referral_intent,同僚から聞いてで,紹介者名を聞く,日時確認へ進まない,90
referral_intent,同僚から聞いてでして,紹介者名を聞く,日時確認へ進まない,90
referral_intent,同僚から聞いてっす,紹介者名を聞く,日時確認へ進まない,90
referral_intent,同僚から聞いてばい,紹介者名を聞く,日時確認へ進まない,90
referral_intent,同僚から聞いてたい,紹介者名を聞く,日時確認へ進まない,90
referral_intent,同僚から聞いてやけん,紹介者名を聞く,日時確認へ進まない,90
referral_intent,同僚から聞いてで電話しました,紹介者名を聞く,日時確認へ進まない,90
referral_intent,同僚から聞いてって聞いた,紹介者名を聞く,日時確認へ進まない,90
referral_intent,同僚から聞いてって言われた,紹介者名を聞く,日時確認へ進まない,90
referral_intent,同僚から聞いての件です,紹介者名を聞く,日時確認へ進まない,90
referral_intent,同僚から聞いてでお願いしたい,紹介者名を聞く,日時確認へ進まない,90
referral_intent,会社の人に聞いて,紹介者名を聞く,日時確認へ進まない,90
referral_intent,会社の人に聞いてです,紹介者名を聞く,日時確認へ進まない,90
referral_intent,会社の人に聞いてなんだけど,紹介者名を聞く,日時確認へ進まない,90
referral_intent,会社の人に聞いてなんやけど,紹介者名を聞く,日時確認へ進まない,90
referral_intent,会社の人に聞いてなんすけど,紹介者名を聞く,日時確認へ進まない,90
referral_intent,会社の人に聞いてで,紹介者名を聞く,日時確認へ進まない,90
referral_intent,会社の人に聞いてでして,紹介者名を聞く,日時確認へ進まない,90
referral_intent,会社の人に聞いてっす,紹介者名を聞く,日時確認へ進まない,90
referral_intent,会社の人に聞いてばい,紹介者名を聞く,日時確認へ進まない,90
referral_intent,会社の人に聞いてたい,紹介者名を聞く,日時確認へ進まない,90
referral_intent,会社の人に聞いてやけん,紹介者名を聞く,日時確認へ進まない,90
referral_intent,会社の人に聞いてで電話しました,紹介者名を聞く,日時確認へ進まない,90
referral_intent,会社の人に聞いてって聞いた,紹介者名を聞く,日時確認へ進まない,90
referral_intent,会社の人に聞いてって言われた,紹介者名を聞く,日時確認へ進まない,90
referral_intent,会社の人に聞いての件です,紹介者名を聞く,日時確認へ進まない,90
referral_intent,会社の人に聞いてでお願いしたい,紹介者名を聞く,日時確認へ進まない,90
referral_intent,ツレから聞いて,紹介者名を聞く,日時確認へ進まない,90
referral_intent,ツレから聞いてです,紹介者名を聞く,日時確認へ進まない,90
referral_intent,ツレから聞いてなんだけど,紹介者名を聞く,日時確認へ進まない,90
referral_intent,ツレから聞いてなんやけど,紹介者名を聞く,日時確認へ進まない,90
referral_intent,ツレから聞いてなんすけど,紹介者名を聞く,日時確認へ進まない,90
referral_intent,ツレから聞いてで,紹介者名を聞く,日時確認へ進まない,90
referral_intent,ツレから聞いてでして,紹介者名を聞く,日時確認へ進まない,90
referral_intent,ツレから聞いてっす,紹介者名を聞く,日時確認へ進まない,90
referral_intent,ツレから聞いてばい,紹介者名を聞く,日時確認へ進まない,90
referral_intent,ツレから聞いてたい,紹介者名を聞く,日時確認へ進まない,90
referral_intent,ツレから聞いてやけん,紹介者名を聞く,日時確認へ進まない,90
referral_intent,ツレから聞いてで電話しました,紹介者名を聞く,日時確認へ進まない,90
referral_intent,ツレから聞いてって聞いた,紹介者名を聞く,日時確認へ進まない,90
referral_intent,ツレから聞いてって言われた,紹介者名を聞く,日時確認へ進まない,90
referral_intent,ツレから聞いての件です,紹介者名を聞く,日時確認へ進まない,90
referral_intent,ツレから聞いてでお願いしたい,紹介者名を聞く,日時確認へ進まない,90
referral_intent,連れから聞いて,紹介者名を聞く,日時確認へ進まない,90
referral_intent,連れから聞いてです,紹介者名を聞く,日時確認へ進まない,90
referral_intent,連れから聞いてなんだけど,紹介者名を聞く,日時確認へ進まない,90
referral_intent,連れから聞いてなんやけど,紹介者名を聞く,日時確認へ進まない,90
referral_intent,連れから聞いてなんすけど,紹介者名を聞く,日時確認へ進まない,90
referral_intent,連れから聞いてで,紹介者名を聞く,日時確認へ進まない,90
referral_intent,連れから聞いてでして,紹介者名を聞く,日時確認へ進まない,90
referral_intent,連れから聞いてっす,紹介者名を聞く,日時確認へ進まない,90
referral_intent,連れから聞いてばい,紹介者名を聞く,日時確認へ進まない,90
referral_intent,連れから聞いてたい,紹介者名を聞く,日時確認へ進まない,90
referral_intent,連れから聞いてやけん,紹介者名を聞く,日時確認へ進まない,90
referral_intent,連れから聞いてで電話しました,紹介者名を聞く,日時確認へ進まない,90
referral_intent,連れから聞いてって聞いた,紹介者名を聞く,日時確認へ進まない,90
referral_intent,連れから聞いてって言われた,紹介者名を聞く,日時確認へ進まない,90
referral_intent,連れから聞いての件です,紹介者名を聞く,日時確認へ進まない,90
referral_intent,連れから聞いてでお願いしたい,紹介者名を聞く,日時確認へ進まない,90
referral_intent,紹介できた,紹介者名を聞く,日時確認へ進まない,90
referral_intent,紹介できたです,紹介者名を聞く,日時確認へ進まない,90
referral_intent,紹介できたなんだけど,紹介者名を聞く,日時確認へ進まない,90
referral_intent,紹介できたなんやけど,紹介者名を聞く,日時確認へ進まない,90
referral_intent,紹介できたなんすけど,紹介者名を聞く,日時確認へ進まない,90
referral_intent,紹介できたで,紹介者名を聞く,日時確認へ進まない,90
referral_intent,紹介できたでして,紹介者名を聞く,日時確認へ進まない,90
referral_intent,紹介できたっす,紹介者名を聞く,日時確認へ進まない,90
referral_intent,紹介できたばい,紹介者名を聞く,日時確認へ進まない,90
referral_intent,紹介できたたい,紹介者名を聞く,日時確認へ進まない,90
referral_intent,紹介できたやけん,紹介者名を聞く,日時確認へ進まない,90
referral_intent,紹介できたで電話しました,紹介者名を聞く,日時確認へ進まない,90
referral_intent,紹介できたって聞いた,紹介者名を聞く,日時確認へ進まない,90
referral_intent,紹介できたって言われた,紹介者名を聞く,日時確認へ進まない,90
referral_intent,紹介できたの件です,紹介者名を聞く,日時確認へ進まない,90
referral_intent,紹介できたでお願いしたい,紹介者名を聞く,日時確認へ進まない,90
referral_intent,紹介で電話した,紹介者名を聞く,日時確認へ進まない,90
referral_intent,紹介で電話したです,紹介者名を聞く,日時確認へ進まない,90
referral_intent,紹介で電話したなんだけど,紹介者名を聞く,日時確認へ進まない,90
referral_intent,紹介で電話したなんやけど,紹介者名を聞く,日時確認へ進まない,90
referral_intent,紹介で電話したなんすけど,紹介者名を聞く,日時確認へ進まない,90
referral_intent,紹介で電話したで,紹介者名を聞く,日時確認へ進まない,90
referral_intent,紹介で電話したでして,紹介者名を聞く,日時確認へ進まない,90
referral_intent,紹介で電話したっす,紹介者名を聞く,日時確認へ進まない,90
referral_intent,紹介で電話したばい,紹介者名を聞く,日時確認へ進まない,90
referral_intent,紹介で電話したたい,紹介者名を聞く,日時確認へ進まない,90
referral_intent,紹介で電話したやけん,紹介者名を聞く,日時確認へ進まない,90
referral_intent,紹介で電話したで電話しました,紹介者名を聞く,日時確認へ進まない,90
referral_intent,紹介で電話したって聞いた,紹介者名を聞く,日時確認へ進まない,90
referral_intent,紹介で電話したって言われた,紹介者名を聞く,日時確認へ進まない,90
referral_intent,紹介で電話したの件です,紹介者名を聞く,日時確認へ進まない,90
referral_intent,紹介で電話したでお願いしたい,紹介者名を聞く,日時確認へ進まない,90
referral_intent,紹介なんだけどです,紹介者名を聞く,日時確認へ進まない,90
referral_intent,紹介なんだけどなんだけど,紹介者名を聞く,日時確認へ進まない,90
referral_intent,紹介なんだけどなんやけど,紹介者名を聞く,日時確認へ進まない,90
referral_intent,紹介なんだけどなんすけど,紹介者名を聞く,日時確認へ進まない,90
referral_intent,紹介なんだけどで,紹介者名を聞く,日時確認へ進まない,90
referral_intent,紹介なんだけどでして,紹介者名を聞く,日時確認へ進まない,90
referral_intent,紹介なんだけどっす,紹介者名を聞く,日時確認へ進まない,90
referral_intent,紹介なんだけどばい,紹介者名を聞く,日時確認へ進まない,90
referral_intent,紹介なんだけどたい,紹介者名を聞く,日時確認へ進まない,90
referral_intent,紹介なんだけどやけん,紹介者名を聞く,日時確認へ進まない,90
referral_intent,紹介なんだけどで電話しました,紹介者名を聞く,日時確認へ進まない,90
referral_intent,紹介なんだけどって聞いた,紹介者名を聞く,日時確認へ進まない,90
referral_intent,紹介なんだけどって言われた,紹介者名を聞く,日時確認へ進まない,90
referral_intent,紹介なんだけどの件です,紹介者名を聞く,日時確認へ進まない,90
referral_intent,紹介なんだけどでお願いしたい,紹介者名を聞く,日時確認へ進まない,90
referral_intent,紹介って言えばいい,紹介者名を聞く,日時確認へ進まない,90
referral_intent,紹介って言えばいいです,紹介者名を聞く,日時確認へ進まない,90
referral_intent,紹介って言えばいいなんだけど,紹介者名を聞く,日時確認へ進まない,90
referral_intent,紹介って言えばいいなんやけど,紹介者名を聞く,日時確認へ進まない,90
referral_intent,紹介って言えばいいなんすけど,紹介者名を聞く,日時確認へ進まない,90
referral_intent,紹介って言えばいいで,紹介者名を聞く,日時確認へ進まない,90
referral_intent,紹介って言えばいいでして,紹介者名を聞く,日時確認へ進まない,90
referral_intent,紹介って言えばいいっす,紹介者名を聞く,日時確認へ進まない,90
referral_intent,紹介って言えばいいばい,紹介者名を聞く,日時確認へ進まない,90
referral_intent,紹介って言えばいいたい,紹介者名を聞く,日時確認へ進まない,90
referral_intent,紹介って言えばいいやけん,紹介者名を聞く,日時確認へ進まない,90
referral_intent,紹介って言えばいいで電話しました,紹介者名を聞く,日時確認へ進まない,90
referral_intent,紹介って言えばいいって聞いた,紹介者名を聞く,日時確認へ進まない,90
referral_intent,紹介って言えばいいって言われた,紹介者名を聞く,日時確認へ進まない,90
referral_intent,紹介って言えばいいの件です,紹介者名を聞く,日時確認へ進まない,90
referral_intent,紹介って言えばいいでお願いしたい,紹介者名を聞く,日時確認へ進まない,90
referral_intent,紹介扱い,紹介者名を聞く,日時確認へ進まない,90
referral_intent,紹介扱いです,紹介者名を聞く,日時確認へ進まない,90
referral_intent,紹介扱いなんだけど,紹介者名を聞く,日時確認へ進まない,90
referral_intent,紹介扱いなんやけど,紹介者名を聞く,日時確認へ進まない,90
referral_intent,紹介扱いなんすけど,紹介者名を聞く,日時確認へ進まない,90
referral_intent,紹介扱いで,紹介者名を聞く,日時確認へ進まない,90
referral_intent,紹介扱いでして,紹介者名を聞く,日時確認へ進まない,90
referral_intent,紹介扱いっす,紹介者名を聞く,日時確認へ進まない,90
referral_intent,紹介扱いばい,紹介者名を聞く,日時確認へ進まない,90
referral_intent,紹介扱いたい,紹介者名を聞く,日時確認へ進まない,90
referral_intent,紹介扱いやけん,紹介者名を聞く,日時確認へ進まない,90
referral_intent,紹介扱いで電話しました,紹介者名を聞く,日時確認へ進まない,90
referral_intent,紹介扱いって聞いた,紹介者名を聞く,日時確認へ進まない,90
referral_intent,紹介扱いって言われた,紹介者名を聞く,日時確認へ進まない,90
referral_intent,紹介扱いの件です,紹介者名を聞く,日時確認へ進まない,90
referral_intent,紹介扱いでお願いしたい,紹介者名を聞く,日時確認へ進まない,90
referral_intent,紹介割,紹介者名を聞く,日時確認へ進まない,90
referral_intent,紹介割です,紹介者名を聞く,日時確認へ進まない,90
referral_intent,紹介割なんだけど,紹介者名を聞く,日時確認へ進まない,90
referral_intent,紹介割なんやけど,紹介者名を聞く,日時確認へ進まない,90
referral_intent,紹介割なんすけど,紹介者名を聞く,日時確認へ進まない,90
referral_intent,紹介割で,紹介者名を聞く,日時確認へ進まない,90
referral_intent,紹介割でして,紹介者名を聞く,日時確認へ進まない,90
referral_intent,紹介割っす,紹介者名を聞く,日時確認へ進まない,90
referral_intent,紹介割ばい,紹介者名を聞く,日時確認へ進まない,90
referral_intent,紹介割たい,紹介者名を聞く,日時確認へ進まない,90
referral_intent,紹介割やけん,紹介者名を聞く,日時確認へ進まない,90
referral_intent,紹介割で電話しました,紹介者名を聞く,日時確認へ進まない,90
referral_intent,紹介割って聞いた,紹介者名を聞く,日時確認へ進まない,90
referral_intent,紹介割って言われた,紹介者名を聞く,日時確認へ進まない,90
referral_intent,紹介割の件です,紹介者名を聞く,日時確認へ進まない,90
referral_intent,紹介割でお願いしたい,紹介者名を聞く,日時確認へ進まない,90
referral_intent,紹介のやつ,紹介者名を聞く,日時確認へ進まない,90
referral_intent,紹介のやつです,紹介者名を聞く,日時確認へ進まない,90
referral_intent,紹介のやつなんだけど,紹介者名を聞く,日時確認へ進まない,90
referral_intent,紹介のやつなんやけど,紹介者名を聞く,日時確認へ進まない,90
referral_intent,紹介のやつなんすけど,紹介者名を聞く,日時確認へ進まない,90
referral_intent,紹介のやつで,紹介者名を聞く,日時確認へ進まない,90
referral_intent,紹介のやつでして,紹介者名を聞く,日時確認へ進まない,90
referral_intent,紹介のやつっす,紹介者名を聞く,日時確認へ進まない,90
referral_intent,紹介のやつばい,紹介者名を聞く,日時確認へ進まない,90
referral_intent,紹介のやつたい,紹介者名を聞く,日時確認へ進まない,90
referral_intent,紹介のやつやけん,紹介者名を聞く,日時確認へ進まない,90
referral_intent,紹介のやつで電話しました,紹介者名を聞く,日時確認へ進まない,90
referral_intent,紹介のやつって聞いた,紹介者名を聞く,日時確認へ進まない,90
referral_intent,紹介のやつって言われた,紹介者名を聞く,日時確認へ進まない,90
referral_intent,紹介のやつの件です,紹介者名を聞く,日時確認へ進まない,90
referral_intent,紹介のやつでお願いしたい,紹介者名を聞く,日時確認へ進まない,90
referral_intent,紹介されて,紹介者名を聞く,日時確認へ進まない,90
referral_intent,紹介されてです,紹介者名を聞く,日時確認へ進まない,90
referral_intent,紹介されてなんだけど,紹介者名を聞く,日時確認へ進まない,90
referral_intent,紹介されてなんやけど,紹介者名を聞く,日時確認へ進まない,90
referral_intent,紹介されてなんすけど,紹介者名を聞く,日時確認へ進まない,90
referral_intent,紹介されてで,紹介者名を聞く,日時確認へ進まない,90
referral_intent,紹介されてでして,紹介者名を聞く,日時確認へ進まない,90
referral_intent,紹介されてっす,紹介者名を聞く,日時確認へ進まない,90
referral_intent,紹介されてばい,紹介者名を聞く,日時確認へ進まない,90
referral_intent,紹介されてたい,紹介者名を聞く,日時確認へ進まない,90
referral_intent,紹介されてやけん,紹介者名を聞く,日時確認へ進まない,90
referral_intent,紹介されてで電話しました,紹介者名を聞く,日時確認へ進まない,90
referral_intent,紹介されてって聞いた,紹介者名を聞く,日時確認へ進まない,90
referral_intent,紹介されてって言われた,紹介者名を聞く,日時確認へ進まない,90
referral_intent,紹介されての件です,紹介者名を聞く,日時確認へ進まない,90
referral_intent,紹介されてでお願いしたい,紹介者名を聞く,日時確認へ進まない,90
referral_intent,人から聞いて,紹介者名を聞く,日時確認へ進まない,90
referral_intent,人から聞いてです,紹介者名を聞く,日時確認へ進まない,90
referral_intent,人から聞いてなんだけど,紹介者名を聞く,日時確認へ進まない,90
referral_intent,人から聞いてなんやけど,紹介者名を聞く,日時確認へ進まない,90
referral_intent,人から聞いてなんすけど,紹介者名を聞く,日時確認へ進まない,90
referral_intent,人から聞いてで,紹介者名を聞く,日時確認へ進まない,90
referral_intent,人から聞いてでして,紹介者名を聞く,日時確認へ進まない,90
referral_intent,人から聞いてっす,紹介者名を聞く,日時確認へ進まない,90
referral_intent,人から聞いてばい,紹介者名を聞く,日時確認へ進まない,90
referral_intent,人から聞いてたい,紹介者名を聞く,日時確認へ進まない,90
referral_intent,人から聞いてやけん,紹介者名を聞く,日時確認へ進まない,90
referral_intent,人から聞いてで電話しました,紹介者名を聞く,日時確認へ進まない,90
referral_intent,人から聞いてって聞いた,紹介者名を聞く,日時確認へ進まない,90
referral_intent,人から聞いてって言われた,紹介者名を聞く,日時確認へ進まない,90
referral_intent,人から聞いての件です,紹介者名を聞く,日時確認へ進まない,90
referral_intent,人から聞いてでお願いしたい,紹介者名を聞く,日時確認へ進まない,90
referral_intent,誰かの紹介,紹介者名を聞く,日時確認へ進まない,90
referral_intent,誰かの紹介です,紹介者名を聞く,日時確認へ進まない,90
referral_intent,誰かの紹介なんだけど,紹介者名を聞く,日時確認へ進まない,90
referral_intent,誰かの紹介なんやけど,紹介者名を聞く,日時確認へ進まない,90
referral_intent,誰かの紹介なんすけど,紹介者名を聞く,日時確認へ進まない,90
referral_intent,誰かの紹介で,紹介者名を聞く,日時確認へ進まない,90
referral_intent,誰かの紹介でして,紹介者名を聞く,日時確認へ進まない,90
referral_intent,誰かの紹介っす,紹介者名を聞く,日時確認へ進まない,90
referral_intent,誰かの紹介ばい,紹介者名を聞く,日時確認へ進まない,90
name_clarification_question,名前って僕の名前？,説明して再度名前を聞く,customer_nameへ保存しない,90
name_clarification_question,予約者の名前？,説明して再度名前を聞く,customer_nameへ保存しない,90
name_clarification_question,僕の名前を言えばいいの？,説明して再度名前を聞く,customer_nameへ保存しない,90
name_clarification_question,俺の名前ですか？,説明して再度名前を聞く,customer_nameへ保存しない,90
name_clarification_question,セラピストの名前ですかね？,説明して再度名前を聞く,customer_nameへ保存しない,90
name_clarification_question,指名の名前ですか？,説明して再度名前を聞く,customer_nameへ保存しない,90
name_clarification_question,名字だけで大丈夫？,説明して再度名前を聞く,customer_nameへ保存しない,90
name_clarification_question,フルネーム必要？,説明して再度名前を聞く,customer_nameへ保存しない,90
name_clarification_question,本名じゃないとだめ？,説明して再度名前を聞く,customer_nameへ保存しない,90
name_clarification_question,名前って何を言えばいい？,説明して再度名前を聞く,customer_nameへ保存しない,90
name_clarification_question,名前って僕の名前ですか？,説明して再度名前を聞く,customer_nameへ保存しない,90
name_clarification_question,名前って僕の名前でいいの？,説明して再度名前を聞く,customer_nameへ保存しない,90
name_clarification_question,名前って僕の名前でいいですか？,説明して再度名前を聞く,customer_nameへ保存しない,90
name_clarification_question,名前って僕の名前なんですか？,説明して再度名前を聞く,customer_nameへ保存しない,90
name_clarification_question,名前って僕の名前ってこと？,説明して再度名前を聞く,customer_nameへ保存しない,90
name_clarification_question,名前って僕の名前って意味？,説明して再度名前を聞く,customer_nameへ保存しない,90
name_clarification_question,名前って僕の名前で合ってる？,説明して再度名前を聞く,customer_nameへ保存しない,90
name_clarification_question,名前って僕の名前いる？,説明して再度名前を聞く,customer_nameへ保存しない,90
name_clarification_question,名前って僕の名前必要？,説明して再度名前を聞く,customer_nameへ保存しない,90
name_clarification_question,名前って僕の名前言えばいい？,説明して再度名前を聞く,customer_nameへ保存しない,90
name_clarification_question,名前って僕の名前だけ？,説明して再度名前を聞く,customer_nameへ保存しない,90
name_clarification_question,名前って僕の名前でええの？,説明して再度名前を聞く,customer_nameへ保存しない,90
name_clarification_question,名前って僕の名前でよか？,説明して再度名前を聞く,customer_nameへ保存しない,90
name_clarification_question,名前って僕の名前でよかですか？,説明して再度名前を聞く,customer_nameへ保存しない,90
name_clarification_question,名前は俺の名前？,説明して再度名前を聞く,customer_nameへ保存しない,90
name_clarification_question,名前は俺の名前ですか？,説明して再度名前を聞く,customer_nameへ保存しない,90
name_clarification_question,名前は俺の名前でいいの？,説明して再度名前を聞く,customer_nameへ保存しない,90
name_clarification_question,名前は俺の名前でいいですか？,説明して再度名前を聞く,customer_nameへ保存しない,90
name_clarification_question,名前は俺の名前なんですか？,説明して再度名前を聞く,customer_nameへ保存しない,90
name_clarification_question,名前は俺の名前ってこと？,説明して再度名前を聞く,customer_nameへ保存しない,90
name_clarification_question,名前は俺の名前って意味？,説明して再度名前を聞く,customer_nameへ保存しない,90
name_clarification_question,名前は俺の名前で合ってる？,説明して再度名前を聞く,customer_nameへ保存しない,90
name_clarification_question,名前は俺の名前いる？,説明して再度名前を聞く,customer_nameへ保存しない,90
name_clarification_question,名前は俺の名前必要？,説明して再度名前を聞く,customer_nameへ保存しない,90
name_clarification_question,名前は俺の名前言えばいい？,説明して再度名前を聞く,customer_nameへ保存しない,90
name_clarification_question,名前は俺の名前だけ？,説明して再度名前を聞く,customer_nameへ保存しない,90
name_clarification_question,名前は俺の名前でええの？,説明して再度名前を聞く,customer_nameへ保存しない,90
name_clarification_question,名前は俺の名前でよか？,説明して再度名前を聞く,customer_nameへ保存しない,90
name_clarification_question,名前は俺の名前でよかですか？,説明して再度名前を聞く,customer_nameへ保存しない,90
name_clarification_question,予約者の名前ですか？,説明して再度名前を聞く,customer_nameへ保存しない,90
name_clarification_question,予約者の名前でいいの？,説明して再度名前を聞く,customer_nameへ保存しない,90
name_clarification_question,予約者の名前でいいですか？,説明して再度名前を聞く,customer_nameへ保存しない,90
name_clarification_question,予約者の名前なんですか？,説明して再度名前を聞く,customer_nameへ保存しない,90
name_clarification_question,予約者の名前ってこと？,説明して再度名前を聞く,customer_nameへ保存しない,90
name_clarification_question,予約者の名前って意味？,説明して再度名前を聞く,customer_nameへ保存しない,90
name_clarification_question,予約者の名前で合ってる？,説明して再度名前を聞く,customer_nameへ保存しない,90
name_clarification_question,予約者の名前いる？,説明して再度名前を聞く,customer_nameへ保存しない,90
name_clarification_question,予約者の名前必要？,説明して再度名前を聞く,customer_nameへ保存しない,90
name_clarification_question,予約者の名前言えばいい？,説明して再度名前を聞く,customer_nameへ保存しない,90
name_clarification_question,予約者の名前だけ？,説明して再度名前を聞く,customer_nameへ保存しない,90
name_clarification_question,予約者の名前でええの？,説明して再度名前を聞く,customer_nameへ保存しない,90
name_clarification_question,予約者の名前でよか？,説明して再度名前を聞く,customer_nameへ保存しない,90
name_clarification_question,予約者の名前でよかですか？,説明して再度名前を聞く,customer_nameへ保存しない,90
name_clarification_question,自分の名前？,説明して再度名前を聞く,customer_nameへ保存しない,90
name_clarification_question,自分の名前ですか？,説明して再度名前を聞く,customer_nameへ保存しない,90
name_clarification_question,自分の名前でいいの？,説明して再度名前を聞く,customer_nameへ保存しない,90
name_clarification_question,自分の名前でいいですか？,説明して再度名前を聞く,customer_nameへ保存しない,90
name_clarification_question,自分の名前なんですか？,説明して再度名前を聞く,customer_nameへ保存しない,90
name_clarification_question,自分の名前ってこと？,説明して再度名前を聞く,customer_nameへ保存しない,90
name_clarification_question,自分の名前って意味？,説明して再度名前を聞く,customer_nameへ保存しない,90
name_clarification_question,自分の名前で合ってる？,説明して再度名前を聞く,customer_nameへ保存しない,90
name_clarification_question,自分の名前いる？,説明して再度名前を聞く,customer_nameへ保存しない,90
name_clarification_question,自分の名前必要？,説明して再度名前を聞く,customer_nameへ保存しない,90
name_clarification_question,自分の名前言えばいい？,説明して再度名前を聞く,customer_nameへ保存しない,90
name_clarification_question,自分の名前だけ？,説明して再度名前を聞く,customer_nameへ保存しない,90
name_clarification_question,自分の名前でええの？,説明して再度名前を聞く,customer_nameへ保存しない,90
name_clarification_question,自分の名前でよか？,説明して再度名前を聞く,customer_nameへ保存しない,90
name_clarification_question,自分の名前でよかですか？,説明して再度名前を聞く,customer_nameへ保存しない,90
name_clarification_question,僕の名字？,説明して再度名前を聞く,customer_nameへ保存しない,90
name_clarification_question,僕の名字ですか？,説明して再度名前を聞く,customer_nameへ保存しない,90
name_clarification_question,僕の名字でいいの？,説明して再度名前を聞く,customer_nameへ保存しない,90
name_clarification_question,僕の名字でいいですか？,説明して再度名前を聞く,customer_nameへ保存しない,90
name_clarification_question,僕の名字なんですか？,説明して再度名前を聞く,customer_nameへ保存しない,90
name_clarification_question,僕の名字ってこと？,説明して再度名前を聞く,customer_nameへ保存しない,90
name_clarification_question,僕の名字って意味？,説明して再度名前を聞く,customer_nameへ保存しない,90
name_clarification_question,僕の名字で合ってる？,説明して再度名前を聞く,customer_nameへ保存しない,90
name_clarification_question,僕の名字いる？,説明して再度名前を聞く,customer_nameへ保存しない,90
name_clarification_question,僕の名字必要？,説明して再度名前を聞く,customer_nameへ保存しない,90
name_clarification_question,僕の名字言えばいい？,説明して再度名前を聞く,customer_nameへ保存しない,90
name_clarification_question,僕の名字だけ？,説明して再度名前を聞く,customer_nameへ保存しない,90
name_clarification_question,僕の名字でええの？,説明して再度名前を聞く,customer_nameへ保存しない,90
name_clarification_question,僕の名字でよか？,説明して再度名前を聞く,customer_nameへ保存しない,90
name_clarification_question,僕の名字でよかですか？,説明して再度名前を聞く,customer_nameへ保存しない,90
name_clarification_question,俺の名字？,説明して再度名前を聞く,customer_nameへ保存しない,90
name_clarification_question,俺の名字ですか？,説明して再度名前を聞く,customer_nameへ保存しない,90
name_clarification_question,俺の名字でいいの？,説明して再度名前を聞く,customer_nameへ保存しない,90
name_clarification_question,俺の名字でいいですか？,説明して再度名前を聞く,customer_nameへ保存しない,90
name_clarification_question,俺の名字なんですか？,説明して再度名前を聞く,customer_nameへ保存しない,90
name_clarification_question,俺の名字ってこと？,説明して再度名前を聞く,customer_nameへ保存しない,90
name_clarification_question,俺の名字って意味？,説明して再度名前を聞く,customer_nameへ保存しない,90
name_clarification_question,俺の名字で合ってる？,説明して再度名前を聞く,customer_nameへ保存しない,90
name_clarification_question,俺の名字いる？,説明して再度名前を聞く,customer_nameへ保存しない,90
name_clarification_question,俺の名字必要？,説明して再度名前を聞く,customer_nameへ保存しない,90
name_clarification_question,俺の名字言えばいい？,説明して再度名前を聞く,customer_nameへ保存しない,90
name_clarification_question,俺の名字だけ？,説明して再度名前を聞く,customer_nameへ保存しない,90
name_clarification_question,俺の名字でええの？,説明して再度名前を聞く,customer_nameへ保存しない,90
name_clarification_question,俺の名字でよか？,説明して再度名前を聞く,customer_nameへ保存しない,90
name_clarification_question,俺の名字でよかですか？,説明して再度名前を聞く,customer_nameへ保存しない,90
name_clarification_question,下の名前もいる？,説明して再度名前を聞く,customer_nameへ保存しない,90
name_clarification_question,下の名前もいるですか？,説明して再度名前を聞く,customer_nameへ保存しない,90
name_clarification_question,下の名前もいるでいいの？,説明して再度名前を聞く,customer_nameへ保存しない,90
name_clarification_question,下の名前もいるでいいですか？,説明して再度名前を聞く,customer_nameへ保存しない,90
name_clarification_question,下の名前もいるなんですか？,説明して再度名前を聞く,customer_nameへ保存しない,90
name_clarification_question,下の名前もいるってこと？,説明して再度名前を聞く,customer_nameへ保存しない,90
name_clarification_question,下の名前もいるって意味？,説明して再度名前を聞く,customer_nameへ保存しない,90
name_clarification_question,下の名前もいるで合ってる？,説明して再度名前を聞く,customer_nameへ保存しない,90
name_clarification_question,下の名前もいるいる？,説明して再度名前を聞く,customer_nameへ保存しない,90
name_clarification_question,下の名前もいる必要？,説明して再度名前を聞く,customer_nameへ保存しない,90
name_clarification_question,下の名前もいる言えばいい？,説明して再度名前を聞く,customer_nameへ保存しない,90
name_clarification_question,下の名前もいるだけ？,説明して再度名前を聞く,customer_nameへ保存しない,90
name_clarification_question,下の名前もいるでええの？,説明して再度名前を聞く,customer_nameへ保存しない,90
name_clarification_question,下の名前もいるでよか？,説明して再度名前を聞く,customer_nameへ保存しない,90
name_clarification_question,下の名前もいるでよかですか？,説明して再度名前を聞く,customer_nameへ保存しない,90
name_clarification_question,フルネームいる？,説明して再度名前を聞く,customer_nameへ保存しない,90
name_clarification_question,フルネームいるですか？,説明して再度名前を聞く,customer_nameへ保存しない,90
name_clarification_question,フルネームいるでいいの？,説明して再度名前を聞く,customer_nameへ保存しない,90
name_clarification_question,フルネームいるでいいですか？,説明して再度名前を聞く,customer_nameへ保存しない,90
name_clarification_question,フルネームいるなんですか？,説明して再度名前を聞く,customer_nameへ保存しない,90
name_clarification_question,フルネームいるってこと？,説明して再度名前を聞く,customer_nameへ保存しない,90
name_clarification_question,フルネームいるって意味？,説明して再度名前を聞く,customer_nameへ保存しない,90
name_clarification_question,フルネームいるで合ってる？,説明して再度名前を聞く,customer_nameへ保存しない,90
name_clarification_question,フルネームいるいる？,説明して再度名前を聞く,customer_nameへ保存しない,90
name_clarification_question,フルネームいる必要？,説明して再度名前を聞く,customer_nameへ保存しない,90
name_clarification_question,フルネームいる言えばいい？,説明して再度名前を聞く,customer_nameへ保存しない,90
name_clarification_question,フルネームいるだけ？,説明して再度名前を聞く,customer_nameへ保存しない,90
name_clarification_question,フルネームいるでええの？,説明して再度名前を聞く,customer_nameへ保存しない,90
name_clarification_question,フルネームいるでよか？,説明して再度名前を聞く,customer_nameへ保存しない,90
name_clarification_question,フルネームいるでよかですか？,説明して再度名前を聞く,customer_nameへ保存しない,90
name_clarification_question,本名いる？,説明して再度名前を聞く,customer_nameへ保存しない,90
name_clarification_question,本名いるですか？,説明して再度名前を聞く,customer_nameへ保存しない,90
name_clarification_question,本名いるでいいの？,説明して再度名前を聞く,customer_nameへ保存しない,90
name_clarification_question,本名いるでいいですか？,説明して再度名前を聞く,customer_nameへ保存しない,90
name_clarification_question,本名いるなんですか？,説明して再度名前を聞く,customer_nameへ保存しない,90
name_clarification_question,本名いるってこと？,説明して再度名前を聞く,customer_nameへ保存しない,90
name_clarification_question,本名いるって意味？,説明して再度名前を聞く,customer_nameへ保存しない,90
name_clarification_question,本名いるで合ってる？,説明して再度名前を聞く,customer_nameへ保存しない,90
name_clarification_question,本名いるいる？,説明して再度名前を聞く,customer_nameへ保存しない,90
name_clarification_question,本名いる必要？,説明して再度名前を聞く,customer_nameへ保存しない,90
name_clarification_question,本名いる言えばいい？,説明して再度名前を聞く,customer_nameへ保存しない,90
name_clarification_question,本名いるだけ？,説明して再度名前を聞く,customer_nameへ保存しない,90
name_clarification_question,本名いるでええの？,説明して再度名前を聞く,customer_nameへ保存しない,90
name_clarification_question,本名いるでよか？,説明して再度名前を聞く,customer_nameへ保存しない,90
name_clarification_question,本名いるでよかですか？,説明して再度名前を聞く,customer_nameへ保存しない,90
name_clarification_question,偽名でもいい？,説明して再度名前を聞く,customer_nameへ保存しない,90
name_clarification_question,偽名でもいいですか？,説明して再度名前を聞く,customer_nameへ保存しない,90
name_clarification_question,偽名でもいいでいいの？,説明して再度名前を聞く,customer_nameへ保存しない,90
name_clarification_question,偽名でもいいでいいですか？,説明して再度名前を聞く,customer_nameへ保存しない,90
name_clarification_question,偽名でもいいなんですか？,説明して再度名前を聞く,customer_nameへ保存しない,90
name_clarification_question,偽名でもいいってこと？,説明して再度名前を聞く,customer_nameへ保存しない,90
name_clarification_question,偽名でもいいって意味？,説明して再度名前を聞く,customer_nameへ保存しない,90
name_clarification_question,偽名でもいいで合ってる？,説明して再度名前を聞く,customer_nameへ保存しない,90
name_clarification_question,偽名でもいいいる？,説明して再度名前を聞く,customer_nameへ保存しない,90
name_clarification_question,偽名でもいい必要？,説明して再度名前を聞く,customer_nameへ保存しない,90
name_clarification_question,偽名でもいい言えばいい？,説明して再度名前を聞く,customer_nameへ保存しない,90
name_clarification_question,偽名でもいいだけ？,説明して再度名前を聞く,customer_nameへ保存しない,90
name_clarification_question,偽名でもいいでええの？,説明して再度名前を聞く,customer_nameへ保存しない,90
name_clarification_question,偽名でもいいでよか？,説明して再度名前を聞く,customer_nameへ保存しない,90
name_clarification_question,偽名でもいいでよかですか？,説明して再度名前を聞く,customer_nameへ保存しない,90
name_clarification_question,名前ってどっち？,説明して再度名前を聞く,customer_nameへ保存しない,90
name_clarification_question,名前ってどっちですか？,説明して再度名前を聞く,customer_nameへ保存しない,90
name_clarification_question,名前ってどっちでいいの？,説明して再度名前を聞く,customer_nameへ保存しない,90
name_clarification_question,名前ってどっちでいいですか？,説明して再度名前を聞く,customer_nameへ保存しない,90
name_clarification_question,名前ってどっちなんですか？,説明して再度名前を聞く,customer_nameへ保存しない,90
name_clarification_question,名前ってどっちってこと？,説明して再度名前を聞く,customer_nameへ保存しない,90
name_clarification_question,名前ってどっちって意味？,説明して再度名前を聞く,customer_nameへ保存しない,90
name_clarification_question,名前ってどっちで合ってる？,説明して再度名前を聞く,customer_nameへ保存しない,90
name_clarification_question,名前ってどっちいる？,説明して再度名前を聞く,customer_nameへ保存しない,90
name_clarification_question,名前ってどっち必要？,説明して再度名前を聞く,customer_nameへ保存しない,90
name_clarification_question,名前ってどっち言えばいい？,説明して再度名前を聞く,customer_nameへ保存しない,90
name_clarification_question,名前ってどっちだけ？,説明して再度名前を聞く,customer_nameへ保存しない,90
name_clarification_question,名前ってどっちでええの？,説明して再度名前を聞く,customer_nameへ保存しない,90
name_clarification_question,名前ってどっちでよか？,説明して再度名前を聞く,customer_nameへ保存しない,90
name_clarification_question,名前ってどっちでよかですか？,説明して再度名前を聞く,customer_nameへ保存しない,90
name_clarification_question,セラピストの名前？,説明して再度名前を聞く,customer_nameへ保存しない,90
name_clarification_question,セラピストの名前ですか？,説明して再度名前を聞く,customer_nameへ保存しない,90
name_clarification_question,セラピストの名前でいいの？,説明して再度名前を聞く,customer_nameへ保存しない,90
name_clarification_question,セラピストの名前でいいですか？,説明して再度名前を聞く,customer_nameへ保存しない,90
name_clarification_question,セラピストの名前なんですか？,説明して再度名前を聞く,customer_nameへ保存しない,90
name_clarification_question,セラピストの名前ってこと？,説明して再度名前を聞く,customer_nameへ保存しない,90
name_clarification_question,セラピストの名前って意味？,説明して再度名前を聞く,customer_nameへ保存しない,90
name_clarification_question,セラピストの名前で合ってる？,説明して再度名前を聞く,customer_nameへ保存しない,90
name_clarification_question,セラピストの名前いる？,説明して再度名前を聞く,customer_nameへ保存しない,90
name_clarification_question,セラピストの名前必要？,説明して再度名前を聞く,customer_nameへ保存しない,90
name_clarification_question,セラピストの名前言えばいい？,説明して再度名前を聞く,customer_nameへ保存しない,90
name_clarification_question,セラピストの名前だけ？,説明して再度名前を聞く,customer_nameへ保存しない,90
name_clarification_question,セラピストの名前でええの？,説明して再度名前を聞く,customer_nameへ保存しない,90
name_clarification_question,セラピストの名前でよか？,説明して再度名前を聞く,customer_nameへ保存しない,90
name_clarification_question,セラピストの名前でよかですか？,説明して再度名前を聞く,customer_nameへ保存しない,90
name_clarification_question,女の子の名前？,説明して再度名前を聞く,customer_nameへ保存しない,90
name_clarification_question,女の子の名前ですか？,説明して再度名前を聞く,customer_nameへ保存しない,90
name_clarification_question,女の子の名前でいいの？,説明して再度名前を聞く,customer_nameへ保存しない,90
name_clarification_question,女の子の名前でいいですか？,説明して再度名前を聞く,customer_nameへ保存しない,90
name_clarification_question,女の子の名前なんですか？,説明して再度名前を聞く,customer_nameへ保存しない,90
name_clarification_question,女の子の名前ってこと？,説明して再度名前を聞く,customer_nameへ保存しない,90
name_clarification_question,女の子の名前って意味？,説明して再度名前を聞く,customer_nameへ保存しない,90
name_clarification_question,女の子の名前で合ってる？,説明して再度名前を聞く,customer_nameへ保存しない,90
name_clarification_question,女の子の名前いる？,説明して再度名前を聞く,customer_nameへ保存しない,90
name_clarification_question,女の子の名前必要？,説明して再度名前を聞く,customer_nameへ保存しない,90
name_clarification_question,女の子の名前言えばいい？,説明して再度名前を聞く,customer_nameへ保存しない,90
name_clarification_question,女の子の名前だけ？,説明して再度名前を聞く,customer_nameへ保存しない,90
name_clarification_question,女の子の名前でええの？,説明して再度名前を聞く,customer_nameへ保存しない,90
name_clarification_question,女の子の名前でよか？,説明して再度名前を聞く,customer_nameへ保存しない,90
name_clarification_question,女の子の名前でよかですか？,説明して再度名前を聞く,customer_nameへ保存しない,90
name_clarification_question,指名の名前？,説明して再度名前を聞く,customer_nameへ保存しない,90
name_clarification_question,指名の名前でいいの？,説明して再度名前を聞く,customer_nameへ保存しない,90
name_clarification_question,指名の名前でいいですか？,説明して再度名前を聞く,customer_nameへ保存しない,90
name_clarification_question,指名の名前なんですか？,説明して再度名前を聞く,customer_nameへ保存しない,90
name_clarification_question,指名の名前ってこと？,説明して再度名前を聞く,customer_nameへ保存しない,90
name_clarification_question,指名の名前って意味？,説明して再度名前を聞く,customer_nameへ保存しない,90
name_clarification_question,指名の名前で合ってる？,説明して再度名前を聞く,customer_nameへ保存しない,90
name_clarification_question,指名の名前いる？,説明して再度名前を聞く,customer_nameへ保存しない,90
name_clarification_question,指名の名前必要？,説明して再度名前を聞く,customer_nameへ保存しない,90
name_clarification_question,指名の名前言えばいい？,説明して再度名前を聞く,customer_nameへ保存しない,90
name_clarification_question,指名の名前だけ？,説明して再度名前を聞く,customer_nameへ保存しない,90
name_clarification_question,指名の名前でええの？,説明して再度名前を聞く,customer_nameへ保存しない,90
name_clarification_question,指名の名前でよか？,説明して再度名前を聞く,customer_nameへ保存しない,90
name_clarification_question,指名の名前でよかですか？,説明して再度名前を聞く,customer_nameへ保存しない,90
name_clarification_question,誰の名前？,説明して再度名前を聞く,customer_nameへ保存しない,90
name_clarification_question,誰の名前ですか？,説明して再度名前を聞く,customer_nameへ保存しない,90
name_clarification_question,誰の名前でいいの？,説明して再度名前を聞く,customer_nameへ保存しない,90
name_clarification_question,誰の名前でいいですか？,説明して再度名前を聞く,customer_nameへ保存しない,90
name_clarification_question,誰の名前なんですか？,説明して再度名前を聞く,customer_nameへ保存しない,90
name_clarification_question,誰の名前ってこと？,説明して再度名前を聞く,customer_nameへ保存しない,90
name_clarification_question,誰の名前って意味？,説明して再度名前を聞く,customer_nameへ保存しない,90
name_clarification_question,誰の名前で合ってる？,説明して再度名前を聞く,customer_nameへ保存しない,90
name_clarification_question,誰の名前いる？,説明して再度名前を聞く,customer_nameへ保存しない,90
name_clarification_question,誰の名前必要？,説明して再度名前を聞く,customer_nameへ保存しない,90
name_clarification_question,誰の名前言えばいい？,説明して再度名前を聞く,customer_nameへ保存しない,90
name_clarification_question,誰の名前だけ？,説明して再度名前を聞く,customer_nameへ保存しない,90
name_clarification_question,誰の名前でええの？,説明して再度名前を聞く,customer_nameへ保存しない,90
name_clarification_question,誰の名前でよか？,説明して再度名前を聞く,customer_nameへ保存しない,90
name_clarification_question,誰の名前でよかですか？,説明して再度名前を聞く,customer_nameへ保存しない,90
name_clarification_question,何の名前？,説明して再度名前を聞く,customer_nameへ保存しない,90
name_clarification_question,何の名前ですか？,説明して再度名前を聞く,customer_nameへ保存しない,90
name_clarification_question,何の名前でいいの？,説明して再度名前を聞く,customer_nameへ保存しない,90
name_clarification_question,何の名前でいいですか？,説明して再度名前を聞く,customer_nameへ保存しない,90
name_clarification_question,何の名前なんですか？,説明して再度名前を聞く,customer_nameへ保存しない,90
name_clarification_question,何の名前ってこと？,説明して再度名前を聞く,customer_nameへ保存しない,90
name_clarification_question,何の名前って意味？,説明して再度名前を聞く,customer_nameへ保存しない,90
name_clarification_question,何の名前で合ってる？,説明して再度名前を聞く,customer_nameへ保存しない,90
name_clarification_question,何の名前いる？,説明して再度名前を聞く,customer_nameへ保存しない,90
name_clarification_question,何の名前必要？,説明して再度名前を聞く,customer_nameへ保存しない,90
name_clarification_question,何の名前言えばいい？,説明して再度名前を聞く,customer_nameへ保存しない,90
name_clarification_question,何の名前だけ？,説明して再度名前を聞く,customer_nameへ保存しない,90
name_clarification_question,何の名前でええの？,説明して再度名前を聞く,customer_nameへ保存しない,90
name_clarification_question,何の名前でよか？,説明して再度名前を聞く,customer_nameへ保存しない,90
name_clarification_question,何の名前でよかですか？,説明して再度名前を聞く,customer_nameへ保存しない,90
name_clarification_question,名前って何？,説明して再度名前を聞く,customer_nameへ保存しない,90
name_clarification_question,名前って何ですか？,説明して再度名前を聞く,customer_nameへ保存しない,90
name_clarification_question,名前って何でいいの？,説明して再度名前を聞く,customer_nameへ保存しない,90
name_clarification_question,名前って何でいいですか？,説明して再度名前を聞く,customer_nameへ保存しない,90
name_clarification_question,名前って何なんですか？,説明して再度名前を聞く,customer_nameへ保存しない,90
name_clarification_question,名前って何ってこと？,説明して再度名前を聞く,customer_nameへ保存しない,90
name_clarification_question,名前って何って意味？,説明して再度名前を聞く,customer_nameへ保存しない,90
name_clarification_question,名前って何で合ってる？,説明して再度名前を聞く,customer_nameへ保存しない,90
name_clarification_question,名前って何いる？,説明して再度名前を聞く,customer_nameへ保存しない,90
name_clarification_question,名前って何必要？,説明して再度名前を聞く,customer_nameへ保存しない,90
name_clarification_question,名前って何言えばいい？,説明して再度名前を聞く,customer_nameへ保存しない,90
name_clarification_question,名前って何だけ？,説明して再度名前を聞く,customer_nameへ保存しない,90
name_clarification_question,名前って何でええの？,説明して再度名前を聞く,customer_nameへ保存しない,90
name_clarification_question,名前って何でよか？,説明して再度名前を聞く,customer_nameへ保存しない,90
name_clarification_question,名前って何でよかですか？,説明して再度名前を聞く,customer_nameへ保存しない,90
name_clarification_question,苗字だけでいい？,説明して再度名前を聞く,customer_nameへ保存しない,90
name_clarification_question,苗字だけでいいですか？,説明して再度名前を聞く,customer_nameへ保存しない,90
name_clarification_question,苗字だけでいいでいいの？,説明して再度名前を聞く,customer_nameへ保存しない,90
name_clarification_question,苗字だけでいいでいいですか？,説明して再度名前を聞く,customer_nameへ保存しない,90
name_clarification_question,苗字だけでいいなんですか？,説明して再度名前を聞く,customer_nameへ保存しない,90
name_clarification_question,苗字だけでいいってこと？,説明して再度名前を聞く,customer_nameへ保存しない,90
name_clarification_question,苗字だけでいいって意味？,説明して再度名前を聞く,customer_nameへ保存しない,90
name_clarification_question,苗字だけでいいで合ってる？,説明して再度名前を聞く,customer_nameへ保存しない,90
name_clarification_question,苗字だけでいいいる？,説明して再度名前を聞く,customer_nameへ保存しない,90
name_clarification_question,苗字だけでいい必要？,説明して再度名前を聞く,customer_nameへ保存しない,90
name_clarification_question,苗字だけでいい言えばいい？,説明して再度名前を聞く,customer_nameへ保存しない,90
name_clarification_question,苗字だけでいいだけ？,説明して再度名前を聞く,customer_nameへ保存しない,90
name_clarification_question,苗字だけでいいでええの？,説明して再度名前を聞く,customer_nameへ保存しない,90
name_clarification_question,苗字だけでいいでよか？,説明して再度名前を聞く,customer_nameへ保存しない,90
name_clarification_question,苗字だけでいいでよかですか？,説明して再度名前を聞く,customer_nameへ保存しない,90
name_clarification_question,名字だけでいい？,説明して再度名前を聞く,customer_nameへ保存しない,90
name_clarification_question,名字だけでいいですか？,説明して再度名前を聞く,customer_nameへ保存しない,90
name_clarification_question,名字だけでいいでいいの？,説明して再度名前を聞く,customer_nameへ保存しない,90
name_clarification_question,名字だけでいいでいいですか？,説明して再度名前を聞く,customer_nameへ保存しない,90
name_clarification_question,名字だけでいいなんですか？,説明して再度名前を聞く,customer_nameへ保存しない,90
name_clarification_question,名字だけでいいってこと？,説明して再度名前を聞く,customer_nameへ保存しない,90
name_clarification_question,名字だけでいいって意味？,説明して再度名前を聞く,customer_nameへ保存しない,90
name_clarification_question,名字だけでいいで合ってる？,説明して再度名前を聞く,customer_nameへ保存しない,90
name_clarification_question,名字だけでいいいる？,説明して再度名前を聞く,customer_nameへ保存しない,90
name_clarification_question,名字だけでいい必要？,説明して再度名前を聞く,customer_nameへ保存しない,90
name_clarification_question,名字だけでいい言えばいい？,説明して再度名前を聞く,customer_nameへ保存しない,90
name_clarification_question,名字だけでいいだけ？,説明して再度名前を聞く,customer_nameへ保存しない,90
name_clarification_question,名字だけでいいでええの？,説明して再度名前を聞く,customer_nameへ保存しない,90
name_clarification_question,名字だけでいいでよか？,説明して再度名前を聞く,customer_nameへ保存しない,90
name_clarification_question,名字だけでいいでよかですか？,説明して再度名前を聞く,customer_nameへ保存しない,90
name_clarification_question,名前言うの？,説明して再度名前を聞く,customer_nameへ保存しない,90
name_clarification_question,名前言うのですか？,説明して再度名前を聞く,customer_nameへ保存しない,90
name_clarification_question,名前言うのでいいの？,説明して再度名前を聞く,customer_nameへ保存しない,90
name_clarification_question,名前言うのでいいですか？,説明して再度名前を聞く,customer_nameへ保存しない,90
name_clarification_question,名前言うのなんですか？,説明して再度名前を聞く,customer_nameへ保存しない,90
name_clarification_question,名前言うのってこと？,説明して再度名前を聞く,customer_nameへ保存しない,90
name_clarification_question,名前言うのって意味？,説明して再度名前を聞く,customer_nameへ保存しない,90
name_clarification_question,名前言うので合ってる？,説明して再度名前を聞く,customer_nameへ保存しない,90
name_clarification_question,名前言うのいる？,説明して再度名前を聞く,customer_nameへ保存しない,90
name_clarification_question,名前言うの必要？,説明して再度名前を聞く,customer_nameへ保存しない,90
name_clarification_question,名前言うの言えばいい？,説明して再度名前を聞く,customer_nameへ保存しない,90
name_clarification_question,名前言うのだけ？,説明して再度名前を聞く,customer_nameへ保存しない,90
name_clarification_question,名前言うのでええの？,説明して再度名前を聞く,customer_nameへ保存しない,90
name_clarification_question,名前言うのでよか？,説明して再度名前を聞く,customer_nameへ保存しない,90
name_clarification_question,名前言うのでよかですか？,説明して再度名前を聞く,customer_nameへ保存しない,90
name_clarification_question,あの 名前って僕の名前？,説明して再度名前を聞く,customer_nameへ保存しない,90
name_clarification_question,あの 名前って僕の名前ですか？,説明して再度名前を聞く,customer_nameへ保存しない,90
name_clarification_question,あの 名前って僕の名前でいいの？,説明して再度名前を聞く,customer_nameへ保存しない,90
name_clarification_question,あの 名前って僕の名前でいいですか？,説明して再度名前を聞く,customer_nameへ保存しない,90
name_clarification_question,あの 名前って僕の名前なんですか？,説明して再度名前を聞く,customer_nameへ保存しない,90
name_clarification_question,あの 名前って僕の名前ってこと？,説明して再度名前を聞く,customer_nameへ保存しない,90
name_clarification_question,あの 名前って僕の名前って意味？,説明して再度名前を聞く,customer_nameへ保存しない,90
name_clarification_question,あの 名前って僕の名前で合ってる？,説明して再度名前を聞く,customer_nameへ保存しない,90
name_clarification_question,あの 名前って僕の名前いる？,説明して再度名前を聞く,customer_nameへ保存しない,90
name_clarification_question,あの 名前って僕の名前必要？,説明して再度名前を聞く,customer_nameへ保存しない,90
name_clarification_question,あの 名前って僕の名前言えばいい？,説明して再度名前を聞く,customer_nameへ保存しない,90
name_clarification_question,あの 名前って僕の名前だけ？,説明して再度名前を聞く,customer_nameへ保存しない,90
name_clarification_question,あの 名前って僕の名前でええの？,説明して再度名前を聞く,customer_nameへ保存しない,90
recommendation_question,誰がおすすめ？,おすすめ案内後に希望日時を聞く,customer_nameへ保存しない,80
recommendation_question,人気の子いる？,おすすめ案内後に希望日時を聞く,customer_nameへ保存しない,80
recommendation_question,初めてなら誰がいい？,おすすめ案内後に希望日時を聞く,customer_nameへ保存しない,80
recommendation_question,おすすめの子います？,おすすめ案内後に希望日時を聞く,customer_nameへ保存しない,80
recommendation_question,誰が人気ですか？,おすすめ案内後に希望日時を聞く,customer_nameへ保存しない,80
recommendation_question,フリーなら誰になります？,おすすめ案内後に希望日時を聞く,customer_nameへ保存しない,80
recommendation_question,おまかせなら誰がいい？,おすすめ案内後に希望日時を聞く,customer_nameへ保存しない,80
recommendation_question,かわいい子いる？,おすすめ案内後に希望日時を聞く,customer_nameへ保存しない,80
recommendation_question,話しやすい子います？,おすすめ案内後に希望日時を聞く,customer_nameへ保存しない,80
recommendation_question,評判いい子いる？,おすすめ案内後に希望日時を聞く,customer_nameへ保存しない,80
recommendation_question,誰がおすすめいます？,おすすめ案内後に希望日時を聞く,customer_nameへ保存しない,80
recommendation_question,誰がおすすめいる？,おすすめ案内後に希望日時を聞く,customer_nameへ保存しない,80
recommendation_question,誰がおすすめですか？,おすすめ案内後に希望日時を聞く,customer_nameへ保存しない,80
recommendation_question,誰がおすすめおる？,おすすめ案内後に希望日時を聞く,customer_nameへ保存しない,80
recommendation_question,誰がおすすめおるかな？,おすすめ案内後に希望日時を聞く,customer_nameへ保存しない,80
recommendation_question,誰がおすすめ教えて,おすすめ案内後に希望日時を聞く,customer_nameへ保存しない,80
recommendation_question,誰がおすすめ教えてください,おすすめ案内後に希望日時を聞く,customer_nameへ保存しない,80
recommendation_question,誰がおすすめでお願いしたい,おすすめ案内後に希望日時を聞く,customer_nameへ保存しない,80
recommendation_question,誰がおすすめかな,おすすめ案内後に希望日時を聞く,customer_nameへ保存しない,80
recommendation_question,誰がおすすめやったら誰,おすすめ案内後に希望日時を聞く,customer_nameへ保存しない,80
recommendation_question,誰がおすすめだと誰,おすすめ案内後に希望日時を聞く,customer_nameへ保存しない,80
recommendation_question,誰がおすすめなら誰,おすすめ案内後に希望日時を聞く,customer_nameへ保存しない,80
recommendation_question,誰がおすすめがいいかな,おすすめ案内後に希望日時を聞く,customer_nameへ保存しない,80
recommendation_question,誰がおすすめがよか？,おすすめ案内後に希望日時を聞く,customer_nameへ保存しない,80
recommendation_question,誰がおすすめがええ？,おすすめ案内後に希望日時を聞く,customer_nameへ保存しない,80
recommendation_question,おすすめ誰？,おすすめ案内後に希望日時を聞く,customer_nameへ保存しない,80
recommendation_question,おすすめ誰います？,おすすめ案内後に希望日時を聞く,customer_nameへ保存しない,80
recommendation_question,おすすめ誰いる？,おすすめ案内後に希望日時を聞く,customer_nameへ保存しない,80
recommendation_question,おすすめ誰ですか？,おすすめ案内後に希望日時を聞く,customer_nameへ保存しない,80
recommendation_question,おすすめ誰おる？,おすすめ案内後に希望日時を聞く,customer_nameへ保存しない,80
recommendation_question,おすすめ誰おるかな？,おすすめ案内後に希望日時を聞く,customer_nameへ保存しない,80
recommendation_question,おすすめ誰教えて,おすすめ案内後に希望日時を聞く,customer_nameへ保存しない,80
recommendation_question,おすすめ誰教えてください,おすすめ案内後に希望日時を聞く,customer_nameへ保存しない,80
recommendation_question,おすすめ誰でお願いしたい,おすすめ案内後に希望日時を聞く,customer_nameへ保存しない,80
recommendation_question,おすすめ誰かな,おすすめ案内後に希望日時を聞く,customer_nameへ保存しない,80
recommendation_question,おすすめ誰やったら誰,おすすめ案内後に希望日時を聞く,customer_nameへ保存しない,80
recommendation_question,おすすめ誰だと誰,おすすめ案内後に希望日時を聞く,customer_nameへ保存しない,80
recommendation_question,おすすめ誰なら誰,おすすめ案内後に希望日時を聞く,customer_nameへ保存しない,80
recommendation_question,おすすめ誰がいいかな,おすすめ案内後に希望日時を聞く,customer_nameへ保存しない,80
recommendation_question,おすすめ誰がよか？,おすすめ案内後に希望日時を聞く,customer_nameへ保存しない,80
recommendation_question,おすすめ誰がええ？,おすすめ案内後に希望日時を聞く,customer_nameへ保存しない,80
recommendation_question,人気の子いるいます？,おすすめ案内後に希望日時を聞く,customer_nameへ保存しない,80
recommendation_question,人気の子いるいる？,おすすめ案内後に希望日時を聞く,customer_nameへ保存しない,80
recommendation_question,人気の子いるですか？,おすすめ案内後に希望日時を聞く,customer_nameへ保存しない,80
recommendation_question,人気の子いるおる？,おすすめ案内後に希望日時を聞く,customer_nameへ保存しない,80
recommendation_question,人気の子いるおるかな？,おすすめ案内後に希望日時を聞く,customer_nameへ保存しない,80
recommendation_question,人気の子いる教えて,おすすめ案内後に希望日時を聞く,customer_nameへ保存しない,80
recommendation_question,人気の子いる教えてください,おすすめ案内後に希望日時を聞く,customer_nameへ保存しない,80
recommendation_question,人気の子いるでお願いしたい,おすすめ案内後に希望日時を聞く,customer_nameへ保存しない,80
recommendation_question,人気の子いるかな,おすすめ案内後に希望日時を聞く,customer_nameへ保存しない,80
recommendation_question,人気の子いるやったら誰,おすすめ案内後に希望日時を聞く,customer_nameへ保存しない,80
recommendation_question,人気の子いるだと誰,おすすめ案内後に希望日時を聞く,customer_nameへ保存しない,80
recommendation_question,人気の子いるなら誰,おすすめ案内後に希望日時を聞く,customer_nameへ保存しない,80
recommendation_question,人気の子いるがいいかな,おすすめ案内後に希望日時を聞く,customer_nameへ保存しない,80
recommendation_question,人気の子いるがよか？,おすすめ案内後に希望日時を聞く,customer_nameへ保存しない,80
recommendation_question,人気の子いるがええ？,おすすめ案内後に希望日時を聞く,customer_nameへ保存しない,80
recommendation_question,初めてなら誰がいいいます？,おすすめ案内後に希望日時を聞く,customer_nameへ保存しない,80
recommendation_question,初めてなら誰がいいいる？,おすすめ案内後に希望日時を聞く,customer_nameへ保存しない,80
recommendation_question,初めてなら誰がいいですか？,おすすめ案内後に希望日時を聞く,customer_nameへ保存しない,80
recommendation_question,初めてなら誰がいいおる？,おすすめ案内後に希望日時を聞く,customer_nameへ保存しない,80
recommendation_question,初めてなら誰がいいおるかな？,おすすめ案内後に希望日時を聞く,customer_nameへ保存しない,80
recommendation_question,初めてなら誰がいい教えて,おすすめ案内後に希望日時を聞く,customer_nameへ保存しない,80
recommendation_question,初めてなら誰がいい教えてください,おすすめ案内後に希望日時を聞く,customer_nameへ保存しない,80
recommendation_question,初めてなら誰がいいでお願いしたい,おすすめ案内後に希望日時を聞く,customer_nameへ保存しない,80
recommendation_question,初めてなら誰がいいかな,おすすめ案内後に希望日時を聞く,customer_nameへ保存しない,80
recommendation_question,初めてなら誰がいいやったら誰,おすすめ案内後に希望日時を聞く,customer_nameへ保存しない,80
recommendation_question,初めてなら誰がいいだと誰,おすすめ案内後に希望日時を聞く,customer_nameへ保存しない,80
recommendation_question,初めてなら誰がいいなら誰,おすすめ案内後に希望日時を聞く,customer_nameへ保存しない,80
recommendation_question,初めてなら誰がいいがいいかな,おすすめ案内後に希望日時を聞く,customer_nameへ保存しない,80
recommendation_question,初めてなら誰がいいがよか？,おすすめ案内後に希望日時を聞く,customer_nameへ保存しない,80
recommendation_question,初めてなら誰がいいがええ？,おすすめ案内後に希望日時を聞く,customer_nameへ保存しない,80
recommendation_question,いい子いる？,おすすめ案内後に希望日時を聞く,customer_nameへ保存しない,80
recommendation_question,いい子いるいます？,おすすめ案内後に希望日時を聞く,customer_nameへ保存しない,80
recommendation_question,いい子いるいる？,おすすめ案内後に希望日時を聞く,customer_nameへ保存しない,80
recommendation_question,いい子いるですか？,おすすめ案内後に希望日時を聞く,customer_nameへ保存しない,80
recommendation_question,いい子いるおる？,おすすめ案内後に希望日時を聞く,customer_nameへ保存しない,80
recommendation_question,いい子いるおるかな？,おすすめ案内後に希望日時を聞く,customer_nameへ保存しない,80
recommendation_question,いい子いる教えて,おすすめ案内後に希望日時を聞く,customer_nameへ保存しない,80
recommendation_question,いい子いる教えてください,おすすめ案内後に希望日時を聞く,customer_nameへ保存しない,80
recommendation_question,いい子いるでお願いしたい,おすすめ案内後に希望日時を聞く,customer_nameへ保存しない,80
recommendation_question,いい子いるかな,おすすめ案内後に希望日時を聞く,customer_nameへ保存しない,80
recommendation_question,いい子いるやったら誰,おすすめ案内後に希望日時を聞く,customer_nameへ保存しない,80
recommendation_question,いい子いるだと誰,おすすめ案内後に希望日時を聞く,customer_nameへ保存しない,80
recommendation_question,いい子いるなら誰,おすすめ案内後に希望日時を聞く,customer_nameへ保存しない,80
recommendation_question,いい子いるがいいかな,おすすめ案内後に希望日時を聞く,customer_nameへ保存しない,80
recommendation_question,いい子いるがよか？,おすすめ案内後に希望日時を聞く,customer_nameへ保存しない,80
recommendation_question,いい子いるがええ？,おすすめ案内後に希望日時を聞く,customer_nameへ保存しない,80
recommendation_question,おすすめの子いる？,おすすめ案内後に希望日時を聞く,customer_nameへ保存しない,80
recommendation_question,おすすめの子いるいます？,おすすめ案内後に希望日時を聞く,customer_nameへ保存しない,80
recommendation_question,おすすめの子いるいる？,おすすめ案内後に希望日時を聞く,customer_nameへ保存しない,80
recommendation_question,おすすめの子いるですか？,おすすめ案内後に希望日時を聞く,customer_nameへ保存しない,80
recommendation_question,おすすめの子いるおる？,おすすめ案内後に希望日時を聞く,customer_nameへ保存しない,80
recommendation_question,おすすめの子いるおるかな？,おすすめ案内後に希望日時を聞く,customer_nameへ保存しない,80
recommendation_question,おすすめの子いる教えて,おすすめ案内後に希望日時を聞く,customer_nameへ保存しない,80
recommendation_question,おすすめの子いる教えてください,おすすめ案内後に希望日時を聞く,customer_nameへ保存しない,80
recommendation_question,おすすめの子いるでお願いしたい,おすすめ案内後に希望日時を聞く,customer_nameへ保存しない,80
recommendation_question,おすすめの子いるかな,おすすめ案内後に希望日時を聞く,customer_nameへ保存しない,80
recommendation_question,おすすめの子いるやったら誰,おすすめ案内後に希望日時を聞く,customer_nameへ保存しない,80
recommendation_question,おすすめの子いるだと誰,おすすめ案内後に希望日時を聞く,customer_nameへ保存しない,80
recommendation_question,おすすめの子いるなら誰,おすすめ案内後に希望日時を聞く,customer_nameへ保存しない,80
recommendation_question,おすすめの子いるがいいかな,おすすめ案内後に希望日時を聞く,customer_nameへ保存しない,80
recommendation_question,おすすめの子いるがよか？,おすすめ案内後に希望日時を聞く,customer_nameへ保存しない,80
recommendation_question,おすすめの子いるがええ？,おすすめ案内後に希望日時を聞く,customer_nameへ保存しない,80
recommendation_question,かわいい子いるいます？,おすすめ案内後に希望日時を聞く,customer_nameへ保存しない,80
recommendation_question,かわいい子いるいる？,おすすめ案内後に希望日時を聞く,customer_nameへ保存しない,80
recommendation_question,かわいい子いるですか？,おすすめ案内後に希望日時を聞く,customer_nameへ保存しない,80
recommendation_question,かわいい子いるおる？,おすすめ案内後に希望日時を聞く,customer_nameへ保存しない,80
recommendation_question,かわいい子いるおるかな？,おすすめ案内後に希望日時を聞く,customer_nameへ保存しない,80
recommendation_question,かわいい子いる教えて,おすすめ案内後に希望日時を聞く,customer_nameへ保存しない,80
recommendation_question,かわいい子いる教えてください,おすすめ案内後に希望日時を聞く,customer_nameへ保存しない,80
recommendation_question,かわいい子いるでお願いしたい,おすすめ案内後に希望日時を聞く,customer_nameへ保存しない,80
recommendation_question,かわいい子いるかな,おすすめ案内後に希望日時を聞く,customer_nameへ保存しない,80
recommendation_question,かわいい子いるやったら誰,おすすめ案内後に希望日時を聞く,customer_nameへ保存しない,80
recommendation_question,かわいい子いるだと誰,おすすめ案内後に希望日時を聞く,customer_nameへ保存しない,80
recommendation_question,かわいい子いるなら誰,おすすめ案内後に希望日時を聞く,customer_nameへ保存しない,80
recommendation_question,かわいい子いるがいいかな,おすすめ案内後に希望日時を聞く,customer_nameへ保存しない,80
recommendation_question,かわいい子いるがよか？,おすすめ案内後に希望日時を聞く,customer_nameへ保存しない,80
recommendation_question,かわいい子いるがええ？,おすすめ案内後に希望日時を聞く,customer_nameへ保存しない,80
recommendation_question,話しやすい子いる？,おすすめ案内後に希望日時を聞く,customer_nameへ保存しない,80
recommendation_question,話しやすい子いるいます？,おすすめ案内後に希望日時を聞く,customer_nameへ保存しない,80
recommendation_question,話しやすい子いるいる？,おすすめ案内後に希望日時を聞く,customer_nameへ保存しない,80
recommendation_question,話しやすい子いるですか？,おすすめ案内後に希望日時を聞く,customer_nameへ保存しない,80
recommendation_question,話しやすい子いるおる？,おすすめ案内後に希望日時を聞く,customer_nameへ保存しない,80
recommendation_question,話しやすい子いるおるかな？,おすすめ案内後に希望日時を聞く,customer_nameへ保存しない,80
recommendation_question,話しやすい子いる教えて,おすすめ案内後に希望日時を聞く,customer_nameへ保存しない,80
recommendation_question,話しやすい子いる教えてください,おすすめ案内後に希望日時を聞く,customer_nameへ保存しない,80
recommendation_question,話しやすい子いるでお願いしたい,おすすめ案内後に希望日時を聞く,customer_nameへ保存しない,80
recommendation_question,話しやすい子いるかな,おすすめ案内後に希望日時を聞く,customer_nameへ保存しない,80
recommendation_question,話しやすい子いるやったら誰,おすすめ案内後に希望日時を聞く,customer_nameへ保存しない,80
recommendation_question,話しやすい子いるだと誰,おすすめ案内後に希望日時を聞く,customer_nameへ保存しない,80
recommendation_question,話しやすい子いるなら誰,おすすめ案内後に希望日時を聞く,customer_nameへ保存しない,80
recommendation_question,話しやすい子いるがいいかな,おすすめ案内後に希望日時を聞く,customer_nameへ保存しない,80
recommendation_question,話しやすい子いるがよか？,おすすめ案内後に希望日時を聞く,customer_nameへ保存しない,80
recommendation_question,話しやすい子いるがええ？,おすすめ案内後に希望日時を聞く,customer_nameへ保存しない,80
recommendation_question,癒し系いる？,おすすめ案内後に希望日時を聞く,customer_nameへ保存しない,80
recommendation_question,癒し系いるいます？,おすすめ案内後に希望日時を聞く,customer_nameへ保存しない,80
recommendation_question,癒し系いるいる？,おすすめ案内後に希望日時を聞く,customer_nameへ保存しない,80
recommendation_question,癒し系いるですか？,おすすめ案内後に希望日時を聞く,customer_nameへ保存しない,80
recommendation_question,癒し系いるおる？,おすすめ案内後に希望日時を聞く,customer_nameへ保存しない,80
recommendation_question,癒し系いるおるかな？,おすすめ案内後に希望日時を聞く,customer_nameへ保存しない,80
recommendation_question,癒し系いる教えて,おすすめ案内後に希望日時を聞く,customer_nameへ保存しない,80
recommendation_question,癒し系いる教えてください,おすすめ案内後に希望日時を聞く,customer_nameへ保存しない,80
recommendation_question,癒し系いるでお願いしたい,おすすめ案内後に希望日時を聞く,customer_nameへ保存しない,80
recommendation_question,癒し系いるかな,おすすめ案内後に希望日時を聞く,customer_nameへ保存しない,80
recommendation_question,癒し系いるやったら誰,おすすめ案内後に希望日時を聞く,customer_nameへ保存しない,80
recommendation_question,癒し系いるだと誰,おすすめ案内後に希望日時を聞く,customer_nameへ保存しない,80
recommendation_question,癒し系いるなら誰,おすすめ案内後に希望日時を聞く,customer_nameへ保存しない,80
recommendation_question,癒し系いるがいいかな,おすすめ案内後に希望日時を聞く,customer_nameへ保存しない,80
recommendation_question,癒し系いるがよか？,おすすめ案内後に希望日時を聞く,customer_nameへ保存しない,80
recommendation_question,癒し系いるがええ？,おすすめ案内後に希望日時を聞く,customer_nameへ保存しない,80
recommendation_question,若い子いる？,おすすめ案内後に希望日時を聞く,customer_nameへ保存しない,80
recommendation_question,若い子いるいます？,おすすめ案内後に希望日時を聞く,customer_nameへ保存しない,80
recommendation_question,若い子いるいる？,おすすめ案内後に希望日時を聞く,customer_nameへ保存しない,80
recommendation_question,若い子いるですか？,おすすめ案内後に希望日時を聞く,customer_nameへ保存しない,80
recommendation_question,若い子いるおる？,おすすめ案内後に希望日時を聞く,customer_nameへ保存しない,80
recommendation_question,若い子いるおるかな？,おすすめ案内後に希望日時を聞く,customer_nameへ保存しない,80
recommendation_question,若い子いる教えて,おすすめ案内後に希望日時を聞く,customer_nameへ保存しない,80
recommendation_question,若い子いる教えてください,おすすめ案内後に希望日時を聞く,customer_nameへ保存しない,80
recommendation_question,若い子いるでお願いしたい,おすすめ案内後に希望日時を聞く,customer_nameへ保存しない,80
recommendation_question,若い子いるかな,おすすめ案内後に希望日時を聞く,customer_nameへ保存しない,80
recommendation_question,若い子いるやったら誰,おすすめ案内後に希望日時を聞く,customer_nameへ保存しない,80
recommendation_question,若い子いるだと誰,おすすめ案内後に希望日時を聞く,customer_nameへ保存しない,80
recommendation_question,若い子いるなら誰,おすすめ案内後に希望日時を聞く,customer_nameへ保存しない,80
recommendation_question,若い子いるがいいかな,おすすめ案内後に希望日時を聞く,customer_nameへ保存しない,80
recommendation_question,若い子いるがよか？,おすすめ案内後に希望日時を聞く,customer_nameへ保存しない,80
recommendation_question,若い子いるがええ？,おすすめ案内後に希望日時を聞く,customer_nameへ保存しない,80
recommendation_question,落ち着いた子いる？,おすすめ案内後に希望日時を聞く,customer_nameへ保存しない,80
recommendation_question,落ち着いた子いるいます？,おすすめ案内後に希望日時を聞く,customer_nameへ保存しない,80
recommendation_question,落ち着いた子いるいる？,おすすめ案内後に希望日時を聞く,customer_nameへ保存しない,80
recommendation_question,落ち着いた子いるですか？,おすすめ案内後に希望日時を聞く,customer_nameへ保存しない,80
recommendation_question,落ち着いた子いるおる？,おすすめ案内後に希望日時を聞く,customer_nameへ保存しない,80
recommendation_question,落ち着いた子いるおるかな？,おすすめ案内後に希望日時を聞く,customer_nameへ保存しない,80
recommendation_question,落ち着いた子いる教えて,おすすめ案内後に希望日時を聞く,customer_nameへ保存しない,80
recommendation_question,落ち着いた子いる教えてください,おすすめ案内後に希望日時を聞く,customer_nameへ保存しない,80
recommendation_question,落ち着いた子いるでお願いしたい,おすすめ案内後に希望日時を聞く,customer_nameへ保存しない,80
recommendation_question,落ち着いた子いるかな,おすすめ案内後に希望日時を聞く,customer_nameへ保存しない,80
recommendation_question,落ち着いた子いるやったら誰,おすすめ案内後に希望日時を聞く,customer_nameへ保存しない,80
recommendation_question,落ち着いた子いるだと誰,おすすめ案内後に希望日時を聞く,customer_nameへ保存しない,80
recommendation_question,落ち着いた子いるなら誰,おすすめ案内後に希望日時を聞く,customer_nameへ保存しない,80
recommendation_question,落ち着いた子いるがいいかな,おすすめ案内後に希望日時を聞く,customer_nameへ保存しない,80
recommendation_question,落ち着いた子いるがよか？,おすすめ案内後に希望日時を聞く,customer_nameへ保存しない,80
recommendation_question,落ち着いた子いるがええ？,おすすめ案内後に希望日時を聞く,customer_nameへ保存しない,80
recommendation_question,上手い子いる？,おすすめ案内後に希望日時を聞く,customer_nameへ保存しない,80
recommendation_question,上手い子いるいます？,おすすめ案内後に希望日時を聞く,customer_nameへ保存しない,80
recommendation_question,上手い子いるいる？,おすすめ案内後に希望日時を聞く,customer_nameへ保存しない,80
recommendation_question,上手い子いるですか？,おすすめ案内後に希望日時を聞く,customer_nameへ保存しない,80
recommendation_question,上手い子いるおる？,おすすめ案内後に希望日時を聞く,customer_nameへ保存しない,80
recommendation_question,上手い子いるおるかな？,おすすめ案内後に希望日時を聞く,customer_nameへ保存しない,80
recommendation_question,上手い子いる教えて,おすすめ案内後に希望日時を聞く,customer_nameへ保存しない,80
recommendation_question,上手い子いる教えてください,おすすめ案内後に希望日時を聞く,customer_nameへ保存しない,80
recommendation_question,上手い子いるでお願いしたい,おすすめ案内後に希望日時を聞く,customer_nameへ保存しない,80
recommendation_question,上手い子いるかな,おすすめ案内後に希望日時を聞く,customer_nameへ保存しない,80
recommendation_question,上手い子いるやったら誰,おすすめ案内後に希望日時を聞く,customer_nameへ保存しない,80
recommendation_question,上手い子いるだと誰,おすすめ案内後に希望日時を聞く,customer_nameへ保存しない,80
recommendation_question,上手い子いるなら誰,おすすめ案内後に希望日時を聞く,customer_nameへ保存しない,80
recommendation_question,上手い子いるがいいかな,おすすめ案内後に希望日時を聞く,customer_nameへ保存しない,80
recommendation_question,上手い子いるがよか？,おすすめ案内後に希望日時を聞く,customer_nameへ保存しない,80
recommendation_question,上手い子いるがええ？,おすすめ案内後に希望日時を聞く,customer_nameへ保存しない,80
recommendation_question,新人いる？,おすすめ案内後に希望日時を聞く,customer_nameへ保存しない,80
recommendation_question,新人いるいます？,おすすめ案内後に希望日時を聞く,customer_nameへ保存しない,80
recommendation_question,新人いるいる？,おすすめ案内後に希望日時を聞く,customer_nameへ保存しない,80
recommendation_question,新人いるですか？,おすすめ案内後に希望日時を聞く,customer_nameへ保存しない,80
recommendation_question,新人いるおる？,おすすめ案内後に希望日時を聞く,customer_nameへ保存しない,80
recommendation_question,新人いるおるかな？,おすすめ案内後に希望日時を聞く,customer_nameへ保存しない,80
recommendation_question,新人いる教えて,おすすめ案内後に希望日時を聞く,customer_nameへ保存しない,80
recommendation_question,新人いる教えてください,おすすめ案内後に希望日時を聞く,customer_nameへ保存しない,80
recommendation_question,新人いるでお願いしたい,おすすめ案内後に希望日時を聞く,customer_nameへ保存しない,80
recommendation_question,新人いるかな,おすすめ案内後に希望日時を聞く,customer_nameへ保存しない,80
recommendation_question,新人いるやったら誰,おすすめ案内後に希望日時を聞く,customer_nameへ保存しない,80
recommendation_question,新人いるだと誰,おすすめ案内後に希望日時を聞く,customer_nameへ保存しない,80
recommendation_question,新人いるなら誰,おすすめ案内後に希望日時を聞く,customer_nameへ保存しない,80
recommendation_question,新人いるがいいかな,おすすめ案内後に希望日時を聞く,customer_nameへ保存しない,80
recommendation_question,新人いるがよか？,おすすめ案内後に希望日時を聞く,customer_nameへ保存しない,80
recommendation_question,新人いるがええ？,おすすめ案内後に希望日時を聞く,customer_nameへ保存しない,80
recommendation_question,人気ある子？,おすすめ案内後に希望日時を聞く,customer_nameへ保存しない,80
recommendation_question,人気ある子います？,おすすめ案内後に希望日時を聞く,customer_nameへ保存しない,80
recommendation_question,人気ある子いる？,おすすめ案内後に希望日時を聞く,customer_nameへ保存しない,80
recommendation_question,人気ある子ですか？,おすすめ案内後に希望日時を聞く,customer_nameへ保存しない,80
recommendation_question,人気ある子おる？,おすすめ案内後に希望日時を聞く,customer_nameへ保存しない,80
recommendation_question,人気ある子おるかな？,おすすめ案内後に希望日時を聞く,customer_nameへ保存しない,80
recommendation_question,人気ある子教えて,おすすめ案内後に希望日時を聞く,customer_nameへ保存しない,80
recommendation_question,人気ある子教えてください,おすすめ案内後に希望日時を聞く,customer_nameへ保存しない,80
recommendation_question,人気ある子でお願いしたい,おすすめ案内後に希望日時を聞く,customer_nameへ保存しない,80
recommendation_question,人気ある子かな,おすすめ案内後に希望日時を聞く,customer_nameへ保存しない,80
recommendation_question,人気ある子やったら誰,おすすめ案内後に希望日時を聞く,customer_nameへ保存しない,80
recommendation_question,人気ある子だと誰,おすすめ案内後に希望日時を聞く,customer_nameへ保存しない,80
recommendation_question,人気ある子なら誰,おすすめ案内後に希望日時を聞く,customer_nameへ保存しない,80
recommendation_question,人気ある子がいいかな,おすすめ案内後に希望日時を聞く,customer_nameへ保存しない,80
recommendation_question,人気ある子がよか？,おすすめ案内後に希望日時を聞く,customer_nameへ保存しない,80
recommendation_question,人気ある子がええ？,おすすめ案内後に希望日時を聞く,customer_nameへ保存しない,80
recommendation_question,評判いい子？,おすすめ案内後に希望日時を聞く,customer_nameへ保存しない,80
recommendation_question,評判いい子います？,おすすめ案内後に希望日時を聞く,customer_nameへ保存しない,80
recommendation_question,評判いい子ですか？,おすすめ案内後に希望日時を聞く,customer_nameへ保存しない,80
recommendation_question,評判いい子おる？,おすすめ案内後に希望日時を聞く,customer_nameへ保存しない,80
recommendation_question,評判いい子おるかな？,おすすめ案内後に希望日時を聞く,customer_nameへ保存しない,80
recommendation_question,評判いい子教えて,おすすめ案内後に希望日時を聞く,customer_nameへ保存しない,80
recommendation_question,評判いい子教えてください,おすすめ案内後に希望日時を聞く,customer_nameへ保存しない,80
recommendation_question,評判いい子でお願いしたい,おすすめ案内後に希望日時を聞く,customer_nameへ保存しない,80
recommendation_question,評判いい子かな,おすすめ案内後に希望日時を聞く,customer_nameへ保存しない,80
recommendation_question,評判いい子やったら誰,おすすめ案内後に希望日時を聞く,customer_nameへ保存しない,80
recommendation_question,評判いい子だと誰,おすすめ案内後に希望日時を聞く,customer_nameへ保存しない,80
recommendation_question,評判いい子なら誰,おすすめ案内後に希望日時を聞く,customer_nameへ保存しない,80
recommendation_question,評判いい子がいいかな,おすすめ案内後に希望日時を聞く,customer_nameへ保存しない,80
recommendation_question,評判いい子がよか？,おすすめ案内後に希望日時を聞く,customer_nameへ保存しない,80
recommendation_question,評判いい子がええ？,おすすめ案内後に希望日時を聞く,customer_nameへ保存しない,80
recommendation_question,誰がいい？,おすすめ案内後に希望日時を聞く,customer_nameへ保存しない,80
recommendation_question,誰がいいいます？,おすすめ案内後に希望日時を聞く,customer_nameへ保存しない,80
recommendation_question,誰がいいいる？,おすすめ案内後に希望日時を聞く,customer_nameへ保存しない,80
recommendation_question,誰がいいですか？,おすすめ案内後に希望日時を聞く,customer_nameへ保存しない,80
recommendation_question,誰がいいおる？,おすすめ案内後に希望日時を聞く,customer_nameへ保存しない,80
recommendation_question,誰がいいおるかな？,おすすめ案内後に希望日時を聞く,customer_nameへ保存しない,80
recommendation_question,誰がいい教えて,おすすめ案内後に希望日時を聞く,customer_nameへ保存しない,80
recommendation_question,誰がいい教えてください,おすすめ案内後に希望日時を聞く,customer_nameへ保存しない,80
recommendation_question,誰がいいでお願いしたい,おすすめ案内後に希望日時を聞く,customer_nameへ保存しない,80
recommendation_question,誰がいいかな,おすすめ案内後に希望日時を聞く,customer_nameへ保存しない,80
recommendation_question,誰がいいやったら誰,おすすめ案内後に希望日時を聞く,customer_nameへ保存しない,80
recommendation_question,誰がいいだと誰,おすすめ案内後に希望日時を聞く,customer_nameへ保存しない,80
recommendation_question,誰がいいなら誰,おすすめ案内後に希望日時を聞く,customer_nameへ保存しない,80
recommendation_question,誰がいいがいいかな,おすすめ案内後に希望日時を聞く,customer_nameへ保存しない,80
recommendation_question,誰がいいがよか？,おすすめ案内後に希望日時を聞く,customer_nameへ保存しない,80
recommendation_question,誰がいいがええ？,おすすめ案内後に希望日時を聞く,customer_nameへ保存しない,80
recommendation_question,誰にしたらいい？,おすすめ案内後に希望日時を聞く,customer_nameへ保存しない,80
recommendation_question,誰にしたらいいいます？,おすすめ案内後に希望日時を聞く,customer_nameへ保存しない,80
recommendation_question,誰にしたらいいいる？,おすすめ案内後に希望日時を聞く,customer_nameへ保存しない,80
recommendation_question,誰にしたらいいですか？,おすすめ案内後に希望日時を聞く,customer_nameへ保存しない,80
recommendation_question,誰にしたらいいおる？,おすすめ案内後に希望日時を聞く,customer_nameへ保存しない,80
recommendation_question,誰にしたらいいおるかな？,おすすめ案内後に希望日時を聞く,customer_nameへ保存しない,80
recommendation_question,誰にしたらいい教えて,おすすめ案内後に希望日時を聞く,customer_nameへ保存しない,80
recommendation_question,誰にしたらいい教えてください,おすすめ案内後に希望日時を聞く,customer_nameへ保存しない,80
recommendation_question,誰にしたらいいでお願いしたい,おすすめ案内後に希望日時を聞く,customer_nameへ保存しない,80
recommendation_question,誰にしたらいいかな,おすすめ案内後に希望日時を聞く,customer_nameへ保存しない,80
recommendation_question,誰にしたらいいやったら誰,おすすめ案内後に希望日時を聞く,customer_nameへ保存しない,80
recommendation_question,誰にしたらいいだと誰,おすすめ案内後に希望日時を聞く,customer_nameへ保存しない,80
recommendation_question,誰にしたらいいなら誰,おすすめ案内後に希望日時を聞く,customer_nameへ保存しない,80
recommendation_question,誰にしたらいいがいいかな,おすすめ案内後に希望日時を聞く,customer_nameへ保存しない,80
recommendation_question,誰にしたらいいがよか？,おすすめ案内後に希望日時を聞く,customer_nameへ保存しない,80
recommendation_question,誰にしたらいいがええ？,おすすめ案内後に希望日時を聞く,customer_nameへ保存しない,80
recommendation_question,指名迷ってる？,おすすめ案内後に希望日時を聞く,customer_nameへ保存しない,80
recommendation_question,指名迷ってるいます？,おすすめ案内後に希望日時を聞く,customer_nameへ保存しない,80
recommendation_question,指名迷ってるいる？,おすすめ案内後に希望日時を聞く,customer_nameへ保存しない,80
recommendation_question,指名迷ってるですか？,おすすめ案内後に希望日時を聞く,customer_nameへ保存しない,80
recommendation_question,指名迷ってるおる？,おすすめ案内後に希望日時を聞く,customer_nameへ保存しない,80
recommendation_question,指名迷ってるおるかな？,おすすめ案内後に希望日時を聞く,customer_nameへ保存しない,80
recommendation_question,指名迷ってる教えて,おすすめ案内後に希望日時を聞く,customer_nameへ保存しない,80
recommendation_question,指名迷ってる教えてください,おすすめ案内後に希望日時を聞く,customer_nameへ保存しない,80
recommendation_question,指名迷ってるでお願いしたい,おすすめ案内後に希望日時を聞く,customer_nameへ保存しない,80
recommendation_question,指名迷ってるかな,おすすめ案内後に希望日時を聞く,customer_nameへ保存しない,80
recommendation_question,指名迷ってるやったら誰,おすすめ案内後に希望日時を聞く,customer_nameへ保存しない,80
recommendation_question,指名迷ってるだと誰,おすすめ案内後に希望日時を聞く,customer_nameへ保存しない,80
recommendation_question,指名迷ってるなら誰,おすすめ案内後に希望日時を聞く,customer_nameへ保存しない,80
recommendation_question,指名迷ってるがいいかな,おすすめ案内後に希望日時を聞く,customer_nameへ保存しない,80
recommendation_question,指名迷ってるがよか？,おすすめ案内後に希望日時を聞く,customer_nameへ保存しない,80
recommendation_question,指名迷ってるがええ？,おすすめ案内後に希望日時を聞く,customer_nameへ保存しない,80
recommendation_question,おまかせなら誰？,おすすめ案内後に希望日時を聞く,customer_nameへ保存しない,80
recommendation_question,おまかせなら誰います？,おすすめ案内後に希望日時を聞く,customer_nameへ保存しない,80
recommendation_question,おまかせなら誰いる？,おすすめ案内後に希望日時を聞く,customer_nameへ保存しない,80
recommendation_question,おまかせなら誰ですか？,おすすめ案内後に希望日時を聞く,customer_nameへ保存しない,80
recommendation_question,おまかせなら誰おる？,おすすめ案内後に希望日時を聞く,customer_nameへ保存しない,80
recommendation_question,おまかせなら誰おるかな？,おすすめ案内後に希望日時を聞く,customer_nameへ保存しない,80
recommendation_question,おまかせなら誰教えて,おすすめ案内後に希望日時を聞く,customer_nameへ保存しない,80
recommendation_question,おまかせなら誰教えてください,おすすめ案内後に希望日時を聞く,customer_nameへ保存しない,80
recommendation_question,おまかせなら誰でお願いしたい,おすすめ案内後に希望日時を聞く,customer_nameへ保存しない,80
recommendation_question,おまかせなら誰かな,おすすめ案内後に希望日時を聞く,customer_nameへ保存しない,80
recommendation_question,おまかせなら誰やったら誰,おすすめ案内後に希望日時を聞く,customer_nameへ保存しない,80
recommendation_question,おまかせなら誰だと誰,おすすめ案内後に希望日時を聞く,customer_nameへ保存しない,80
recommendation_question,おまかせなら誰なら誰,おすすめ案内後に希望日時を聞く,customer_nameへ保存しない,80
recommendation_question,おまかせなら誰がいいかな,おすすめ案内後に希望日時を聞く,customer_nameへ保存しない,80
recommendation_question,おまかせなら誰がよか？,おすすめ案内後に希望日時を聞く,customer_nameへ保存しない,80
recommendation_question,おまかせなら誰がええ？,おすすめ案内後に希望日時を聞く,customer_nameへ保存しない,80
recommendation_question,フリーなら誰？,おすすめ案内後に希望日時を聞く,customer_nameへ保存しない,80
recommendation_question,フリーなら誰います？,おすすめ案内後に希望日時を聞く,customer_nameへ保存しない,80
recommendation_question,フリーなら誰いる？,おすすめ案内後に希望日時を聞く,customer_nameへ保存しない,80
recommendation_question,フリーなら誰ですか？,おすすめ案内後に希望日時を聞く,customer_nameへ保存しない,80
recommendation_question,フリーなら誰おる？,おすすめ案内後に希望日時を聞く,customer_nameへ保存しない,80
recommendation_question,フリーなら誰おるかな？,おすすめ案内後に希望日時を聞く,customer_nameへ保存しない,80
recommendation_question,フリーなら誰教えて,おすすめ案内後に希望日時を聞く,customer_nameへ保存しない,80
recommendation_question,フリーなら誰教えてください,おすすめ案内後に希望日時を聞く,customer_nameへ保存しない,80
recommendation_question,フリーなら誰でお願いしたい,おすすめ案内後に希望日時を聞く,customer_nameへ保存しない,80
recommendation_question,フリーなら誰かな,おすすめ案内後に希望日時を聞く,customer_nameへ保存しない,80
recommendation_question,フリーなら誰やったら誰,おすすめ案内後に希望日時を聞く,customer_nameへ保存しない,80
cancel_intent,じゃあやめときます,予約導線を終了する,selected_therapistへ保存しない,100
cancel_intent,じゃあやめとく,予約導線を終了する,selected_therapistへ保存しない,100
cancel_intent,じゃあ結構です,予約導線を終了する,selected_therapistへ保存しない,100
cancel_intent,じゃあいいです,予約導線を終了する,selected_therapistへ保存しない,100
cancel_intent,もう今回はいいです,予約導線を終了する,selected_therapistへ保存しない,100
